Surah,Ayah,WordWithSmallMeem
2,2,هُدًۭى
2,5,هُدًۭى
2,7,غِشَـٰوَةٌۭ
2,7,عَظِيمٌۭ
2,10,مَّرَضٌۭ
2,10,مَرَضًۭا
2,17,نَارًۭا
2,18,عُمْىٌۭ
2,19,ظُلُمَـٰتٌۭ
2,19,وَرَعْدٌۭ
2,19,وَبَرْقٌۭ
2,20,قَدِيرٌۭ
2,22,فِرَٰشًۭا
2,22,بِنَآءًۭ
2,22,مَآءًۭ
2,22,رِزْقًۭا
2,22,أَندَادًۭا
2,25,رِّزْقًۭا
2,25,مُتَشَـٰبِهًۭا
2,25,أَزْوَٰجٌۭ
2,25,مُّطَهَّرَةٌۭ
2,26,مَثَلًۭا
2,26,بَعُوضَةًۭ
2,26,مَثَلًۭا
2,26,كَثِيرًۭا
2,26,كَثِيرًۭا
2,28,أَمْوَٰتًۭا
2,29,جَمِيعًۭا
2,29,عَلِيمٌۭ
2,30,جَاعِلٌۭ
2,30,خَلِيفَةًۭ
2,36,عَدُوٌّۭ
2,36,مُسْتَقَرٌّۭ
2,38,جَمِيعًۭا
2,38,هُدًۭى
2,41,مُصَدِّقًۭا
2,41,كَافِرٍۭ
2,41,ثَمَنًۭا
2,41,قَلِيلًۭا
2,48,يَوْمًۭا
2,48,شَيْـًۭٔا
2,48,شَفَـٰعَةٌۭ
2,48,عَدْلٌۭ
2,49,بَلَآءٌۭ
2,49,عَظِيمٌۭ
2,51,لَيْلَةًۭ
2,54,خَيْرٌۭ
2,55,جَهْرَةًۭ
2,58,رَغَدًۭا
2,58,سُجَّدًۭا
2,58,حِطَّةٌۭ
2,59,رِجْزًۭا
2,60,عَيْنًۭا
2,61,مِصْرًۭا
2,62,صَـٰلِحًۭا
2,66,نَكَـٰلًۭا
2,66,وَمَوْعِظَةًۭ
2,67,بَقَرَةًۭ
2,67,هُزُوًۭا
2,68,بَقَرَةٌۭ
2,68,فَارِضٌۭ
2,69,بَقَرَةٌۭ
2,69,فَاقِعٌۭ
2,71,بَقَرَةٌۭ
2,71,ذَلُولٌۭ
2,71,مُسَلَّمَةٌۭ
2,72,نَفْسًۭا
2,72,مُخْرِجٌۭ
2,74,قَسْوَةًۭ
2,75,فَرِيقٌۭ
2,79,فَوَيْلٌۭ
2,79,ثَمَنًۭا
2,79,قَلِيلًۭا
2,79,فَوَيْلٌۭ
2,79,وَوَيْلٌۭ
2,80,أَيَّامًۭا
2,80,مَّعْدُودَةًۭ
2,80,عَهْدًۭا
2,81,سَيِّئَةًۭ
2,83,إِحْسَانًۭا
2,83,حُسْنًۭا
2,83,قَلِيلًۭا
2,85,فَرِيقًۭا
2,85,خِزْىٌۭ
2,87,فَفَرِيقًۭا
2,87,وَفَرِيقًۭا
2,88,فَقَلِيلًۭا
2,89,كِتَـٰبٌۭ
2,89,مُصَدِّقٌۭ
2,90,عَذَابٌۭ
2,90,مُّهِينٌۭ
2,91,مُصَدِّقًۭا
2,94,خَالِصَةًۭ
2,97,عَدُوًّۭا
2,97,مُصَدِّقًۭا
2,97,وَهُدًۭى
2,98,عَدُوًّۭا
2,98,عَدُوٌّۭ
2,99,ءَايَـٰتٍۭ
2,100,عَهْدًۭا
2,100,فَرِيقٌۭ
2,101,رَسُولٌۭ
2,101,مُصَدِّقٌۭ
2,101,فَرِيقٌۭ
2,102,فِتْنَةٌۭ
2,103,لَمَثُوبَةٌۭ
2,103,خَيْرٌۭ
2,104,أَلِيمٌۭ
2,109,كَثِيرٌۭ
2,109,حَسَدًۭا
2,109,قَدِيرٌۭ
2,110,بَصِيرٌۭ
2,112,مُحْسِنٌۭ
2,114,خِزْىٌۭ
2,114,عَظِيمٌۭ
2,115,عَلِيمٌۭ
2,116,وَلَدًۭا
2,116,كُلٌّۭ
2,117,أَمْرًۭا
2,118,ءَايَةٌۭ
2,119,بَشِيرًۭا
2,119,وَنَذِيرًۭا
2,123,يَوْمًۭا
2,123,شَيْـًۭٔا
2,123,عَدْلٌۭ
2,123,شَفَـٰعَةٌۭ
2,124,إِمَامًۭا
2,125,مَثَابَةًۭ
2,125,وَأَمْنًۭا
2,125,مُصَلًّۭى
2,126,ءَامِنًۭا
2,126,قَلِيلًۭا
2,128,أُمَّةًۭ
2,128,مُّسْلِمَةًۭ
2,129,رَسُولًۭا
2,133,إِلَـٰهًۭا
2,133,وَٰحِدًۭا
2,134,أُمَّةٌۭ
2,135,حَنِيفًۭا
2,138,صِبْغَةًۭ
2,141,أُمَّةٌۭ
2,143,أُمَّةًۭ
2,143,وَسَطًۭا
2,143,شَهِيدًۭا
2,143,لَرَءُوفٌۭ
2,143,رَّحِيمٌۭ
2,144,قِبْلَةًۭ
2,145,إِذًۭا
2,146,فَرِيقًۭا
2,148,قَدِيرٌۭ
2,151,رَسُولًۭا
2,154,أَحْيَآءٌۭ
2,156,مُّصِيبَةٌۭ
2,157,صَلَوَٰتٌۭ
2,157,وَرَحْمَةٌۭ
2,158,خَيْرًۭا
2,163,إِلَـٰهٌۭ
2,163,وَٰحِدٌۭ
2,165,أَندَادًۭا
2,165,حُبًّۭا
2,165,جَمِيعًۭا
2,167,كَرَّةًۭ
2,168,حَلَـٰلًۭا
2,168,طَيِّبًۭا
2,168,عَدُوٌّۭ
2,170,شَيْـًۭٔا
2,171,دُعَآءًۭ
2,171,وَنِدَآءًۭ
2,171,عُمْىٌۭ
2,173,غَفُورٌۭ
2,174,ثَمَنًۭا
2,176,شِقَاقٍۭ
2,178,شَىْءٌۭ
2,178,تَخْفِيفٌۭ
2,178,وَرَحْمَةٌۭ
2,178,أَلِيمٌۭ
2,179,حَيَوٰةٌۭ
2,181,عَلِيمٌۭ
2,182,إِثْمًۭا
2,182,غَفُورٌۭ
2,182,رَّحِيمٌۭ
2,184,أَيَّامًۭا
2,184,فَعِدَّةٌۭ
2,184,فِدْيَةٌۭ
2,184,خَيْرًۭا
2,184,خَيْرٌۭ
2,184,خَيْرٌۭ
2,185,هُدًۭى
2,185,فَعِدَّةٌۭ
2,187,لِبَاسٌۭ
2,187,لِبَاسٌۭ
2,188,فَرِيقًۭا
2,192,غَفُورٌۭ
2,192,رَّحِيمٌۭ
2,193,فِتْنَةٌۭ
2,194,قِصَاصٌۭ
2,196,أَذًۭى
2,196,فَفِدْيَةٌۭ
2,196,عَشَرَةٌۭ
2,196,كَامِلَةٌۭ
2,197,أَشْهُرٌۭ
2,197,مَّعْلُومَـٰتٌۭ
2,198,فَضْلًۭا
2,199,غَفُورٌۭ
2,199,رَّحِيمٌۭ
2,200,ذِكْرًۭا
2,201,حَسَنَةًۭ
2,201,حَسَنَةًۭ
2,202,نَصِيبٌۭ
2,208,كَآفَّةًۭ
2,208,عَدُوٌّۭ
2,208,مُّبِينٌۭ
2,211,ءَايَةٍۭ
2,213,أُمَّةًۭ
2,213,وَٰحِدَةًۭ
2,214,قَرِيبٌۭ
2,215,عَلِيمٌۭ
2,216,كُرْهٌۭ
2,216,شَيْـًۭٔا
2,216,خَيْرٌۭ
2,216,شَيْـًۭٔا
2,216,شَرٌّۭ
2,217,قِتَالٌۭ
2,217,كَبِيرٌۭ
2,217,كَافِرٌۭ
2,218,غَفُورٌۭ
2,218,رَّحِيمٌۭ
2,219,إِثْمٌۭ
2,219,كَبِيرٌۭ
2,220,إِصْلَاحٌۭ
2,220,خَيْرٌۭ
2,220,حَكِيمٌۭ
2,221,وَلَأَمَةٌۭ
2,221,خَيْرٌۭ
2,221,وَلَعَبْدٌۭ
2,221,خَيْرٌۭ
2,222,أَذًۭى
2,223,حَرْثٌۭ
2,224,عُرْضَةًۭ
2,224,عَلِيمٌۭ
2,225,حَلِيمٌۭ
2,226,غَفُورٌۭ
2,226,رَّحِيمٌۭ
2,227,عَلِيمٌۭ
2,228,إِصْلَـٰحًۭا
2,228,دَرَجَةٌۭ
2,231,ضِرَارًۭا
2,231,هُزُوًۭا
2,231,عَلِيمٌۭ
2,233,مَوْلُودٌۭ
2,233,بَصِيرٌۭ
2,234,أَزْوَٰجًۭا
2,234,وَعَشْرًۭا
2,234,خَبِيرٌۭ
2,235,قَوْلًۭا
2,235,مَّعْرُوفًۭا
2,235,حَلِيمٌۭ
2,236,فَرِيضَةًۭ
2,237,فَرِيضَةًۭ
2,239,رُكْبَانًۭا
2,240,أَزْوَٰجًۭا
2,240,وَصِيَّةًۭ
2,240,حَكِيمٌۭ
2,244,عَلِيمٌۭ
2,245,حَسَنًۭا
2,245,أَضْعَافًۭا
2,245,كَثِيرَةًۭ
2,246,مَلِكًۭا
2,246,قَلِيلًۭا
2,247,مَلِكًۭا
2,247,سَعَةًۭ
2,247,بَسْطَةًۭ
2,247,عَلِيمٌۭ
2,248,سَكِينَةٌۭ
2,248,وَبَقِيَّةٌۭ
2,248,لَـَٔايَةًۭ
2,249,قَلِيلًۭا
2,249,فِئَةًۭ
2,250,صَبْرًۭا
2,254,يَوْمٌۭ
2,254,بَيْعٌۭ
2,254,خُلَّةٌۭ
2,254,شَفَـٰعَةٌۭ
2,255,سِنَةٌۭ
2,255,نَوْمٌۭ
2,259,ءَايَةًۭ
2,259,لَحْمًۭا
2,259,قَدِيرٌۭ
2,260,أَرْبَعَةًۭ
2,260,جُزْءًۭا
2,260,سَعْيًۭا
2,260,حَكِيمٌۭ
2,262,مَنًّۭا
2,262,أَذًۭى
2,263,قَوْلٌۭ
2,263,مَّعْرُوفٌۭ
2,263,خَيْرٌۭ
2,263,أَذًۭى
2,263,حَلِيمٌۭ
2,264,تُرَابٌۭ
2,264,وَابِلٌۭ
2,264,صَلْدًۭا
2,265,وَتَثْبِيتًۭا
2,265,جَنَّةٍۭ
2,265,وَابِلٌۭ
2,265,وَابِلٌۭ
2,265,فَطَلٌّۭ
2,266,جَنَّةٌۭ
2,266,ذُرِّيَّةٌۭ
2,266,إِعْصَارٌۭ
2,266,نَارٌۭ
2,268,مَّغْفِرَةًۭ
2,268,وَفَضْلًۭا
2,268,عَلِيمٌۭ
2,269,خَيْرًۭا
2,269,كَثِيرًۭا
2,271,خَيْرٌۭ
2,271,خَبِيرٌۭ
2,273,ضَرْبًۭا
2,273,إِلْحَافًۭا
2,274,سِرًّۭا
2,274,وَعَلَانِيَةًۭ
2,275,مَوْعِظَةٌۭ
2,280,خَيْرٌۭ
2,281,يَوْمًۭا
2,282,مُّسَمًّۭى
2,282,شَيْـًۭٔا
2,282,فَرَجُلٌۭ
2,282,حَاضِرَةًۭ
2,282,كَاتِبٌۭ
2,282,شَهِيدٌۭ
2,282,عَلِيمٌۭ
2,283,كَاتِبًۭا
2,283,فَرِهَـٰنٌۭ
2,283,مَّقْبُوضَةٌۭ
2,283,بَعْضًۭا
2,283,ءَاثِمٌۭ
2,283,عَلِيمٌۭ
2,286,إِصْرًۭا
3,3,مُصَدِّقًۭا
3,4,هُدًۭى
3,4,عَذَابٌۭ
3,4,شَدِيدٌۭ
3,4,عَزِيزٌۭ
3,5,شَىْءٌۭ
3,7,ءَايَـٰتٌۭ
3,7,مُتَشَـٰبِهَـٰتٌۭ
3,7,زَيْغٌۭ
3,7,كُلٌّۭ
3,10,شَيْـًۭٔا
3,13,ءَايَةٌۭ
3,13,فِئَةٌۭ
3,13,كَافِرَةٌۭ
3,13,لَعِبْرَةًۭ
3,15,جَنَّـٰتٌۭ
3,15,وَأَزْوَٰجٌۭ
3,15,مُّطَهَّرَةٌۭ
3,15,وَرِضْوَٰنٌۭ
3,23,نَصِيبًۭا
3,23,فَرِيقٌۭ
3,24,أَيَّامًۭا
3,26,قَدِيرٌۭ
3,28,تُقَىٰةًۭ
3,29,قَدِيرٌۭ
3,30,مُّحْضَرًۭا
3,30,بَعِيدًۭا
3,31,غَفُورٌۭ
3,31,رَّحِيمٌۭ
3,33,وَنُوحًۭا
3,35,مُحَرَّرًۭا
3,37,حَسَنًۭا
3,37,رِزْقًۭا
3,38,ذُرِّيَّةًۭ
3,39,قَآئِمٌۭ
3,39,وَسَيِّدًۭا
3,39,وَحَصُورًۭا
3,39,وَنَبِيًّۭا
3,40,غُلَـٰمٌۭ
3,40,عَاقِرٌۭ
3,41,ءَايَةًۭ
3,41,رَمْزًۭا
3,41,كَثِيرًۭا
3,45,وَجِيهًۭا
3,46,وَكَهْلًۭا
3,47,وَلَدٌۭ
3,47,بَشَرٌۭ
3,47,أَمْرًۭا
3,49,لَـَٔايَةًۭ
3,50,وَمُصَدِّقًۭا
3,51,صِرَٰطٌۭ
3,51,مُّسْتَقِيمٌۭ
3,56,عَذَابًۭا
3,56,شَدِيدًۭا
3,64,سَوَآءٍۭ
3,64,شَيْـًۭٔا
3,64,أَرْبَابًۭا
3,66,عِلْمٌۭ
3,66,عِلْمٌۭ
3,67,يَهُودِيًّۭا
3,67,نَصْرَانِيًّۭا
3,67,حَنِيفًۭا
3,67,مُّسْلِمًۭا
3,69,طَّآئِفَةٌۭ
3,72,طَّآئِفَةٌۭ
3,73,أَحَدٌۭ
3,73,عَلِيمٌۭ
3,75,قَآئِمًۭا
3,75,سَبِيلٌۭ
3,77,ثَمَنًۭا
3,77,أَلِيمٌۭ
3,78,لَفَرِيقًۭا
3,79,عِبَادًۭا
3,81,رَسُولٌۭ
3,81,مُّصَدِّقٌۭ
3,83,طَوْعًۭا
3,83,وَكَرْهًۭا
3,85,دِينًۭا
3,86,قَوْمًۭا
3,86,حَقٌّۭ
3,89,غَفُورٌۭ
3,90,كُفْرًۭا
3,91,كُفَّارٌۭ
3,91,ذَهَبًۭا
3,91,أَلِيمٌۭ
3,92,عَلِيمٌۭ
3,93,حِلًّۭا
3,95,حَنِيفًۭا
3,96,مُبَارَكًۭا
3,96,وَهُدًۭى
3,97,بَيِّنَـٰتٌۭ
3,97,ءَامِنًۭا
3,97,سَبِيلًۭا
3,99,عِوَجًۭا
3,100,فَرِيقًۭا
3,103,جَمِيعًۭا
3,103,أَعْدَآءًۭ
3,103,إِخْوَٰنًۭا
3,104,أُمَّةٌۭ
3,105,عَظِيمٌۭ
3,106,وُجُوهٌۭ
3,106,وُجُوهٌۭ
3,108,ظُلْمًۭا
3,110,خَيْرًۭا
3,111,أَذًۭى
3,113,سَوَآءًۭ
3,113,أُمَّةٌۭ
3,113,قَآئِمَةٌۭ
3,116,شَيْـًۭٔا
3,118,بِطَانَةًۭ
3,118,خَبَالًۭا
3,120,حَسَنَةٌۭ
3,120,سَيِّئَةٌۭ
3,120,مُحِيطٌۭ
3,123,أَذِلَّةٌۭ
3,127,طَرَفًۭا
3,129,غَفُورٌۭ
3,129,رَّحِيمٌۭ
3,130,أَضْعَـٰفًۭا
3,130,مُّضَـٰعَفَةًۭ
3,136,مَّغْفِرَةٌۭ
3,136,وَجَنَّـٰتٌۭ
3,137,سُنَنٌۭ
3,138,بَيَانٌۭ
3,138,وَهُدًۭى
3,138,وَمَوْعِظَةٌۭ
3,140,قَرْحٌۭ
3,140,قَرْحٌۭ
3,144,رَسُولٌۭ
3,144,شَيْـًۭٔا
3,145,كِتَـٰبًۭا
3,145,مُّؤَجَّلًۭا
3,146,كَثِيرٌۭ
3,151,سُلْطَـٰنًۭا
3,154,أَمَنَةًۭ
3,154,نُّعَاسًۭا
3,154,طَآئِفَةًۭ
3,154,وَطَآئِفَةٌۭ
3,154,شَىْءٌۭ
3,155,حَلِيمٌۭ
3,156,غُزًّۭى
3,156,حَسْرَةًۭ
3,156,بَصِيرٌۭ
3,157,لَمَغْفِرَةٌۭ
3,157,خَيْرٌۭ
3,164,رَسُولًۭا
3,165,مُّصِيبَةٌۭ
3,165,قَدِيرٌۭ
3,167,قِتَالًۭا
3,173,إِيمَـٰنًۭا
3,174,سُوٓءٌۭ
3,176,شَيْـًۭٔا
3,176,حَظًّۭا
3,177,شَيْـًۭٔا
3,177,أَلِيمٌۭ
3,178,خَيْرٌۭ
3,178,إِثْمًۭا
3,178,عَذَابٌۭ
3,178,مُّهِينٌۭ
3,179,عَظِيمٌۭ
3,180,خَيْرًۭا
3,180,شَرٌّۭ
3,180,خَبِيرٌۭ
3,181,فَقِيرٌۭ
3,183,رُسُلٌۭ
3,184,رُسُلٌۭ
3,186,أَذًۭى
3,186,كَثِيرًۭا
3,187,ثَمَنًۭا
3,187,قَلِيلًۭا
3,188,أَلِيمٌۭ
3,191,قِيَـٰمًۭا
3,191,وَقُعُودًۭا
3,191,بَـٰطِلًۭا
3,193,مُنَادِيًۭا
3,195,ثَوَابًۭا
3,197,مَتَـٰعٌۭ
3,197,قَلِيلٌۭ
3,198,جَنَّـٰتٌۭ
3,198,نُزُلًۭا
3,198,خَيْرٌۭ
3,199,ثَمَنًۭا
4,1,رِجَالًۭا
4,1,كَثِيرًۭا
4,1,وَنِسَآءًۭ
4,1,رَقِيبًۭا
4,2,حُوبًۭا
4,2,كَبِيرًۭا
4,4,نِحْلَةًۭ
4,4,نَفْسًۭا
4,4,هَنِيٓـًۭٔا
4,4,مَّرِيٓـًۭٔا
4,5,قِيَـٰمًۭا
4,5,قَوْلًۭا
4,5,مَّعْرُوفًۭا
4,6,رُشْدًۭا
4,6,إِسْرَافًۭا
4,6,غَنِيًّۭا
4,6,فَقِيرًۭا
4,6,حَسِيبًۭا
4,7,نَصِيبٌۭ
4,7,نَصِيبٌۭ
4,7,نَصِيبًۭا
4,7,مَّفْرُوضًۭا
4,8,قَوْلًۭا
4,8,مَّعْرُوفًۭا
4,9,ذُرِّيَّةًۭ
4,9,قَوْلًۭا
4,10,نَارًۭا
4,10,سَعِيرًۭا
4,11,نِسَآءًۭ
4,11,وَٰحِدَةًۭ
4,11,وَلَدٌۭ
4,11,وَلَدٌۭ
4,11,إِخْوَةٌۭ
4,11,نَفْعًۭا
4,11,فَرِيضَةًۭ
4,11,حَكِيمًۭا
4,12,وَلَدٌۭ
4,12,وَلَدٌۭ
4,12,وَلَدٌۭ
4,12,وَلَدٌۭ
4,12,رَجُلٌۭ
4,12,ٱمْرَأَةٌۭ
4,12,أُخْتٌۭ
4,12,وَصِيَّةًۭ
4,12,حَلِيمٌۭ
4,14,خَـٰلِدًۭا
4,14,عَذَابٌۭ
4,14,مُّهِينٌۭ
4,15,أَرْبَعَةًۭ
4,15,سَبِيلًۭا
4,16,تَوَّابًۭا
4,17,حَكِيمًۭا
4,18,أَلِيمًۭا
4,19,كَرْهًۭا
4,19,شَيْـًۭٔا
4,19,خَيْرًۭا
4,19,كَثِيرًۭا
4,20,قِنطَارًۭا
4,20,بُهْتَـٰنًۭا
4,20,وَإِثْمًۭا
4,20,مُّبِينًۭا
4,21,غَلِيظًۭا
4,22,فَـٰحِشَةًۭ
4,22,وَمَقْتًۭا
4,23,غَفُورًۭا
4,23,رَّحِيمًۭا
4,24,فَرِيضَةًۭ
4,24,حَكِيمًۭا
4,25,خَيْرٌۭ
4,25,غَفُورٌۭ
4,25,رَّحِيمٌۭ
4,26,حَكِيمٌۭ
4,27,عَظِيمًۭا
4,28,ضَعِيفًۭا
4,29,رَحِيمًۭا
4,30,عُدْوَٰنًۭا
4,30,وَظُلْمًۭا
4,30,نَارًۭا
4,31,مُّدْخَلًۭا
4,31,كَرِيمًۭا
4,32,نَصِيبٌۭ
4,32,نَصِيبٌۭ
4,32,عَلِيمًۭا
4,34,حَـٰفِظَـٰتٌۭ
4,34,عَلِيًّۭا
4,34,كَبِيرًۭا
4,35,حَكَمًۭا
4,35,وَحَكَمًۭا
4,35,إِصْلَـٰحًۭا
4,35,خَبِيرًۭا
4,36,شَيْـًۭٔا
4,36,إِحْسَـٰنًۭا
4,36,مُخْتَالًۭا
4,37,عَذَابًۭا
4,37,مُّهِينًۭا
4,38,قَرِينًۭا
4,38,قَرِينًۭا
4,40,حَسَنَةًۭ
4,40,عَظِيمًۭا
4,41,أُمَّةٍۭ
4,41,شَهِيدًۭا
4,42,حَدِيثًۭا
4,43,أَحَدٌۭ
4,43,مَآءًۭ
4,43,صَعِيدًۭا
4,43,طَيِّبًۭا
4,44,نَصِيبًۭا
4,45,وَلِيًّۭا
4,45,نَصِيرًۭا
4,46,وَطَعْنًۭا
4,46,خَيْرًۭا
4,46,قَلِيلًۭا
4,47,مُصَدِّقًۭا
4,47,وُجُوهًۭا
4,50,إِثْمًۭا
4,51,نَصِيبًۭا
4,53,نَصِيبٌۭ
4,53,فَإِذًۭا
4,54,عَظِيمًۭا
4,56,نَارًۭا
4,56,حَكِيمًۭا
4,57,أَبَدًۭا
4,57,أَزْوَٰجٌۭ
4,57,مُّطَهَّرَةٌۭ
4,57,ظِلًّۭا
4,58,بَصِيرًۭا
4,59,خَيْرٌۭ
4,60,بَعِيدًۭا
4,61,صُدُودًۭا
4,62,إِحْسَـٰنًۭا
4,63,بَلِيغًۭا
4,64,تَوَّابًۭا
4,64,رَّحِيمًۭا
4,65,حَرَجًۭا
4,65,تَسْلِيمًۭا
4,66,قَلِيلٌۭ
4,66,خَيْرًۭا
4,66,تَثْبِيتًۭا
4,67,وَإِذًۭا
4,67,عَظِيمًۭا
4,68,صِرَٰطًۭا
4,68,مُّسْتَقِيمًۭا
4,69,رَفِيقًۭا
4,70,عَلِيمًۭا
4,71,جَمِيعًۭا
4,72,مُّصِيبَةٌۭ
4,72,شَهِيدًۭا
4,73,فَضْلٌۭ
4,73,مَوَدَّةٌۭ
4,73,عَظِيمًۭا
4,74,عَظِيمًۭا
4,75,وَلِيًّۭا
4,77,فَرِيقٌۭ
4,77,خَشْيَةًۭ
4,77,قَلِيلٌۭ
4,77,خَيْرٌۭ
4,78,حَسَنَةٌۭ
4,78,سَيِّئَةٌۭ
4,78,كُلٌّۭ
4,78,حَدِيثًۭا
4,79,رَسُولًۭا
4,79,شَهِيدًۭا
4,80,حَفِيظًۭا
4,81,طَاعَةٌۭ
4,81,طَآئِفَةٌۭ
4,82,ٱخْتِلَـٰفًۭا
4,82,كَثِيرًۭا
4,83,أَمْرٌۭ
4,83,قَلِيلًۭا
4,84,بَأْسًۭا
4,84,تَنكِيلًۭا
4,85,حَسَنَةًۭ
4,85,نَصِيبٌۭ
4,85,شَفَـٰعَةًۭ
4,85,سَيِّئَةًۭ
4,85,كِفْلٌۭ
4,85,مُّقِيتًۭا
4,87,حَدِيثًۭا
4,88,سَبِيلًۭا
4,89,سَوَآءًۭ
4,89,وَلِيًّۭا
4,90,قَوْمٍۭ
4,90,سَبِيلًۭا
4,91,سُلْطَـٰنًۭا
4,91,مُّبِينًۭا
4,92,خَطَـًۭٔا
4,92,خَطَـًۭٔا
4,92,وَدِيَةٌۭ
4,92,مُؤْمِنٌۭ
4,92,قَوْمٍۭ
4,92,مِّيثَـٰقٌۭ
4,92,فَدِيَةٌۭ
4,92,تَوْبَةًۭ
4,92,حَكِيمًۭا
4,93,مُؤْمِنًۭا
4,93,مُّتَعَمِّدًۭا
4,93,خَـٰلِدًۭا
4,93,عَظِيمًۭا
4,94,مُؤْمِنًۭا
4,94,كَثِيرَةٌۭ
4,94,خَبِيرًۭا
4,95,دَرَجَةًۭ
4,95,وَكُلًّۭا
4,95,عَظِيمًۭا
4,96,وَمَغْفِرَةًۭ
4,96,وَرَحْمَةًۭ
4,96,غَفُورًۭا
4,97,وَٰسِعَةًۭ
4,98,حِيلَةًۭ
4,98,سَبِيلًۭا
4,99,غَفُورًۭا
4,100,مُرَٰغَمًۭا
4,100,كَثِيرًۭا
4,100,وَسَعَةًۭ
4,100,غَفُورًۭا
4,100,رَّحِيمًۭا
4,101,عَدُوًّۭا
4,101,مُّبِينًۭا
4,102,طَآئِفَةٌۭ
4,102,مَّيْلَةًۭ
4,102,وَٰحِدَةًۭ
4,102,أَذًۭى
4,102,عَذَابًۭا
4,102,مُّهِينًۭا
4,103,قِيَـٰمًۭا
4,103,وَقُعُودًۭا
4,103,كِتَـٰبًۭا
4,103,مَّوْقُوتًۭا
4,105,خَصِيمًۭا
4,106,غَفُورًۭا
4,106,رَّحِيمًۭا
4,107,أَثِيمًۭا
4,109,وَكِيلًۭا
4,110,غَفُورًۭا
4,110,رَّحِيمًۭا
4,111,إِثْمًۭا
4,111,حَكِيمًۭا
4,112,إِثْمًۭا
4,112,بَرِيٓـًۭٔا
4,112,بُهْتَـٰنًۭا
4,112,وَإِثْمًۭا
4,112,مُّبِينًۭا
4,113,طَّآئِفَةٌۭ
4,113,عَظِيمًۭا
4,114,إِصْلَـٰحٍۭ
4,114,عَظِيمًۭا
4,117,إِنَـٰثًۭا
4,117,شَيْطَـٰنًۭا
4,117,مَّرِيدًۭا
4,118,نَصِيبًۭا
4,118,مَّفْرُوضًۭا
4,119,وَلِيًّۭا
4,119,خُسْرَانًۭا
4,119,مُّبِينًۭا
4,121,مَحِيصًۭا
4,122,أَبَدًۭا
4,122,حَقًّۭا
4,122,قِيلًۭا
4,123,سُوٓءًۭا
4,123,وَلِيًّۭا
4,123,نَصِيرًۭا
4,124,مُؤْمِنٌۭ
4,124,نَقِيرًۭا
4,125,دِينًۭا
4,125,مُحْسِنٌۭ
4,125,حَنِيفًۭا
4,125,خَلِيلًۭا
4,126,مُّحِيطًۭا
4,127,عَلِيمًۭا
4,128,إِعْرَاضًۭا
4,128,صُلْحًۭا
4,128,خَيْرٌۭ
4,128,خَبِيرًۭا
4,129,غَفُورًۭا
4,129,رَّحِيمًۭا
4,130,كُلًّۭا
4,130,حَكِيمًۭا
4,131,حَمِيدًۭا
4,133,قَدِيرًۭا
4,134,بَصِيرًۭا
4,135,فَقِيرًۭا
4,135,خَبِيرًۭا
4,137,كُفْرًۭا
4,139,جَمِيعًۭا
4,140,إِذًۭا
4,141,فَتْحٌۭ
4,141,نَصِيبٌۭ
4,142,قَلِيلًۭا
4,143,سَبِيلًۭا
4,144,سُلْطَـٰنًۭا
4,146,عَظِيمًۭا
4,147,عَلِيمًۭا
4,149,عَفُوًّۭا
4,151,حَقًّۭا
4,151,عَذَابًۭا
4,151,مُّهِينًۭا
4,152,غَفُورًۭا
4,152,رَّحِيمًۭا
4,153,كِتَـٰبًۭا
4,153,جَهْرَةًۭ
4,153,سُلْطَـٰنًۭا
4,153,مُّبِينًۭا
4,154,سُجَّدًۭا
4,154,غَلِيظًۭا
4,155,قَلِيلًۭا
4,156,عَظِيمًۭا
4,158,حَكِيمًۭا
4,159,شَهِيدًۭا
4,160,كَثِيرًۭا
4,161,أَلِيمًۭا
4,163,زَبُورًۭا
4,164,وَرُسُلًۭا
4,164,وَرُسُلًۭا
4,164,تَكْلِيمًۭا
4,165,رُّسُلًۭا
4,165,حَكِيمًۭا
4,169,أَبَدًۭا
4,169,يَسِيرًۭا
4,170,خَيْرًۭا
4,170,حَكِيمًۭا
4,171,وَرُوحٌۭ
4,171,خَيْرًۭا
4,171,إِلَـٰهٌۭ
4,171,وَٰحِدٌۭ
4,171,وَلَدٌۭ
4,171,وَكِيلًۭا
4,172,عَبْدًۭا
4,172,جَمِيعًۭا
4,173,أَلِيمًۭا
4,173,وَلِيًّۭا
4,173,نَصِيرًۭا
4,174,بُرْهَـٰنٌۭ
4,174,نُورًۭا
4,174,مُّبِينًۭا
4,175,صِرَٰطًۭا
4,175,مُّسْتَقِيمًۭا
4,176,وَلَدٌۭ
4,176,أُخْتٌۭ
4,176,وَلَدٌۭ
4,176,إِخْوَةًۭ
4,176,رِّجَالًۭا
4,176,وَنِسَآءًۭ
5,2,فَضْلًۭا
5,2,وَرِضْوَٰنًۭا
5,3,دِينًۭا
5,3,غَفُورٌۭ
5,3,رَّحِيمٌۭ
5,5,حِلٌّۭ
5,5,حِلٌّۭ
5,6,جُنُبًۭا
5,6,أَحَدٌۭ
5,6,مَآءًۭ
5,6,صَعِيدًۭا
5,6,طَيِّبًۭا
5,9,مَّغْفِرَةٌۭ
5,9,عَظِيمٌۭ
5,12,نَقِيبًۭا
5,12,حَسَنًۭا
5,13,قَـٰسِيَةًۭ
5,13,حَظًّۭا
5,13,قَلِيلًۭا
5,14,حَظًّۭا
5,15,كَثِيرًۭا
5,15,نُورٌۭ
5,15,وَكِتَـٰبٌۭ
5,15,مُّبِينٌۭ
5,17,جَمِيعًۭا
5,17,قَدِيرٌۭ
5,18,بَشَرٌۭ
5,19,بَشِيرٌۭ
5,19,وَنَذِيرٌۭ
5,19,قَدِيرٌۭ
5,20,مُّلُوكًۭا
5,20,أَحَدًۭا
5,22,قَوْمًۭا
5,24,أَبَدًۭا
5,26,سَنَةًۭ
5,27,قُرْبَانًۭا
5,31,غُرَابًۭا
5,32,جَمِيعًۭا
5,32,جَمِيعًۭا
5,32,كَثِيرًۭا
5,33,خِزْىٌۭ
5,34,غَفُورٌۭ
5,34,رَّحِيمٌۭ
5,36,جَمِيعًۭا
5,36,أَلِيمٌۭ
5,37,عَذَابٌۭ
5,37,مُّقِيمٌۭ
5,38,نَكَـٰلًۭا
5,38,حَكِيمٌۭ
5,39,غَفُورٌۭ
5,40,قَدِيرٌۭ
5,41,خِزْىٌۭ
5,41,عَظِيمٌۭ
5,42,شَيْـًۭٔا
5,44,هُدًۭى
5,44,وَنُورٌۭ
5,44,ثَمَنًۭا
5,44,قَلِيلًۭا
5,45,قِصَاصٌۭ
5,45,كَفَّارَةٌۭ
5,46,مُصَدِّقًۭا
5,46,هُدًۭى
5,46,وَنُورٌۭ
5,46,وَمُصَدِّقًۭا
5,46,وَهُدًۭى
5,46,وَمَوْعِظَةًۭ
5,48,مُصَدِّقًۭا
5,48,شِرْعَةًۭ
5,48,وَمِنْهَاجًۭا
5,48,أُمَّةًۭ
5,48,وَٰحِدَةًۭ
5,48,جَمِيعًۭا
5,49,كَثِيرًۭا
5,50,حُكْمًۭا
5,52,مَّرَضٌۭ
5,52,دَآئِرَةٌۭ
5,57,هُزُوًۭا
5,57,وَلَعِبًۭا
5,58,هُزُوًۭا
5,58,وَلَعِبًۭا
5,58,قَوْمٌۭ
5,60,شَرٌّۭ
5,60,مَّكَانًۭا
5,62,كَثِيرًۭا
5,64,كَثِيرًۭا
5,64,طُغْيَـٰنًۭا
5,64,وَكُفْرًۭا
5,64,نَارًۭا
5,64,فَسَادًۭا
5,66,أُمَّةٌۭ
5,66,مُّقْتَصِدَةٌۭ
5,66,وَكَثِيرٌۭ
5,68,كَثِيرًۭا
5,68,طُغْيَـٰنًۭا
5,68,وَكُفْرًۭا
5,69,صَـٰلِحًۭا
5,70,رُسُلًۭا
5,70,فَرِيقًۭا
5,70,وَفَرِيقًۭا
5,71,فِتْنَةٌۭ
5,71,كَثِيرٌۭ
5,73,إِلَـٰهٌۭ
5,73,وَٰحِدٌۭ
5,74,غَفُورٌۭ
5,74,رَّحِيمٌۭ
5,75,رَسُولٌۭ
5,75,صِدِّيقَةٌۭ
5,76,ضَرًّۭا
5,76,نَفْعًۭا
5,77,كَثِيرًۭا
5,80,كَثِيرًۭا
5,81,كَثِيرًۭا
5,82,عَدَٰوَةًۭ
5,82,مَّوَدَّةًۭ
5,82,وَرُهْبَانًۭا
5,88,حَلَـٰلًۭا
5,88,طَيِّبًۭا
5,90,رِجْسٌۭ
5,93,جُنَاحٌۭ
5,94,أَلِيمٌۭ
5,95,حُرُمٌۭ
5,95,مُّتَعَمِّدًۭا
5,95,فَجَزَآءٌۭ
5,95,كَفَّـٰرَةٌۭ
5,95,صِيَامًۭا
5,95,عَزِيزٌۭ
5,96,مَتَـٰعًۭا
5,96,حُرُمًۭا
5,97,قِيَـٰمًۭا
5,98,غَفُورٌۭ
5,98,رَّحِيمٌۭ
5,101,حَلِيمٌۭ
5,102,قَوْمٌۭ
5,104,شَيْـًۭٔا
5,105,جَمِيعًۭا
5,106,ثَمَنًۭا
5,106,إِذًۭا
5,107,إِثْمًۭا
5,107,إِذًۭا
5,110,وَكَهْلًۭا
5,110,سِحْرٌۭ
5,110,مُّبِينٌۭ
5,112,مَآئِدَةًۭ
5,114,مَآئِدَةًۭ
5,114,عِيدًۭا
5,114,وَءَايَةًۭ
5,115,عَذَابًۭا
5,115,أَحَدًۭا
5,117,شَهِيدًۭا
5,119,جَنَّـٰتٌۭ
5,119,أَبَدًۭا
6,2,أَجَلًۭا
6,2,وَأَجَلٌۭ
6,6,مِّدْرَارًۭا
6,7,كِتَـٰبًۭا
6,7,سِحْرٌۭ
6,7,مُّبِينٌۭ
6,8,مَلَكٌۭ
6,8,مَلَكًۭا
6,9,مَلَكًۭا
6,9,رَجُلًۭا
6,14,وَلِيًّۭا
6,17,قَدِيرٌۭ
6,19,شَهَـٰدَةًۭ
6,19,إِلَـٰهٌۭ
6,19,وَٰحِدٌۭ
6,19,بَرِىٓءٌۭ
6,22,جَمِيعًۭا
6,25,وَقْرًۭا
6,31,بَغْتَةًۭ
6,32,لَعِبٌۭ
6,32,وَلَهْوٌۭ
6,32,خَيْرٌۭ
6,34,رُسُلٌۭ
6,35,نَفَقًۭا
6,35,سُلَّمًۭا
6,37,ءَايَةٌۭ
6,37,ءَايَةًۭ
6,39,صُمٌّۭ
6,39,وَبُكْمٌۭ
6,44,بَغْتَةًۭ
6,51,وَلِىٌّۭ
6,51,شَفِيعٌۭ
6,54,غَفُورٌۭ
6,54,رَّحِيمٌۭ
6,56,إِذًۭا
6,60,أَجَلٌۭ
6,60,مُّسَمًّۭى
6,63,تَضَرُّعًۭا
6,63,وَخُفْيَةًۭ
6,65,عَذَابًۭا
6,65,شِيَعًۭا
6,67,مُّسْتَقَرٌّۭ
6,70,لَعِبًۭا
6,70,وَلَهْوًۭا
6,70,وَلِىٌّۭ
6,70,شَفِيعٌۭ
6,70,شَرَابٌۭ
6,71,أَصْحَـٰبٌۭ
6,76,كَوْكَبًۭا
6,77,بَازِغًۭا
6,78,بَازِغَةًۭ
6,78,بَرِىٓءٌۭ
6,79,حَنِيفًۭا
6,80,شَيْـًۭٔا
6,81,سُلْطَـٰنًۭا
6,83,عَلِيمٌۭ
6,85,كُلٌّۭ
6,86,وَلُوطًۭا
6,86,وَكُلًّۭا
6,89,قَوْمًۭا
6,91,نُورًۭا
6,91,وَهُدًۭى
6,91,كَثِيرًۭا
6,92,مُبَارَكٌۭ
6,93,شَىْءٌۭ
6,96,سَكَنًۭا
6,96,حُسْبَانًۭا
6,98,فَمُسْتَقَرٌّۭ
6,98,وَمُسْتَوْدَعٌۭ
6,99,مَآءًۭ
6,99,خَضِرًۭا
6,99,حَبًّۭا
6,99,مُّتَرَاكِبًۭا
6,99,قِنْوَانٌۭ
6,99,دَانِيَةٌۭ
6,99,مُشْتَبِهًۭا
6,100,وَبَنَـٰتٍۭ
6,101,وَلَدٌۭ
6,101,صَـٰحِبَةٌۭ
6,101,عَلِيمٌۭ
6,102,وَكِيلٌۭ
6,107,حَفِيظًۭا
6,109,ءَايَةٌۭ
6,111,قُبُلًۭا
6,112,عَدُوًّۭا
6,112,غُرُورًۭا
6,114,حَكَمًۭا
6,114,مُفَصَّلًۭا
6,114,مُنَزَّلٌۭ
6,115,صِدْقًۭا
6,115,وَعَدْلًۭا
6,119,كَثِيرًۭا
6,121,لَفِسْقٌۭ
6,122,مَيْتًۭا
6,122,نُورًۭا
6,124,ءَايَةٌۭ
6,124,وَعَذَابٌۭ
6,125,حَرَجًۭا
6,126,مُسْتَقِيمًۭا
6,128,جَمِيعًۭا
6,128,عَلِيمٌۭ
6,130,رُسُلٌۭ
6,132,دَرَجَـٰتٌۭ
6,135,عَامِلٌۭ
6,136,نَصِيبًۭا
6,138,أَنْعَـٰمٌۭ
6,138,حِجْرٌۭ
6,138,وَأَنْعَـٰمٌۭ
6,139,خَالِصَةٌۭ
6,139,مَّيْتَةًۭ
6,139,عَلِيمٌۭ
6,141,مُتَشَـٰبِهًۭا
6,142,حَمُولَةًۭ
6,142,وَفَرْشًۭا
6,142,عَدُوٌّۭ
6,142,مُّبِينٌۭ
6,144,كَذِبًۭا
6,145,دَمًۭا
6,145,غَفُورٌۭ
6,145,رَّحِيمٌۭ
6,151,شَيْـًۭٔا
6,151,إِحْسَـٰنًۭا
6,153,مُسْتَقِيمًۭا
6,154,وَتَفْصِيلًۭا
6,154,وَهُدًۭى
6,154,وَرَحْمَةًۭ
6,155,مُبَارَكٌۭ
6,157,بَيِّنَةٌۭ
6,157,وَهُدًۭى
6,157,وَرَحْمَةٌۭ
6,158,خَيْرًۭا
6,159,شِيَعًۭا
6,161,دِينًۭا
6,161,قِيَمًۭا
6,161,حَنِيفًۭا
6,164,رَبًّۭا
6,164,وَازِرَةٌۭ
6,165,لَغَفُورٌۭ
7,2,حَرَجٌۭ
7,3,قَلِيلًۭا
7,10,قَلِيلًۭا
7,12,خَيْرٌۭ
7,18,مَذْءُومًۭا
7,18,مَّدْحُورًۭا
7,22,عَدُوٌّۭ
7,22,مُّبِينٌۭ
7,24,عَدُوٌّۭ
7,24,مُسْتَقَرٌّۭ
7,26,لِبَاسًۭا
7,26,وَرِيشًۭا
7,26,خَيْرٌۭ
7,28,فَـٰحِشَةًۭ
7,32,خَالِصَةًۭ
7,33,سُلْطَـٰنًۭا
7,34,أَجَلٌۭ
7,34,سَاعَةًۭ
7,35,رُسُلٌۭ
7,38,أُمَّةٌۭ
7,38,جَمِيعًۭا
7,38,عَذَابًۭا
7,38,ضِعْفًۭا
7,38,ضِعْفٌۭ
7,41,مِهَادٌۭ
7,44,حَقًّۭا
7,44,حَقًّۭا
7,45,عِوَجًۭا
7,46,حِجَابٌۭ
7,46,رِجَالٌۭ
7,48,رِجَالًۭا
7,51,لَهْوًۭا
7,51,وَلَعِبًۭا
7,52,هُدًۭى
7,52,وَرَحْمَةًۭ
7,54,حَثِيثًۭا
7,54,مُسَخَّرَٰتٍۭ
7,55,تَضَرُّعًۭا
7,56,خَوْفًۭا
7,56,قَرِيبٌۭ
7,57,سَحَابًۭا
7,57,ثِقَالًۭا
7,58,نَكِدًۭا
7,61,ضَلَـٰلَةٌۭ
7,61,رَسُولٌۭ
7,63,ذِكْرٌۭ
7,65,هُودًۭا
7,67,سَفَاهَةٌۭ
7,67,رَسُولٌۭ
7,69,ذِكْرٌۭ
7,69,بَصْۜطَةًۭ
7,71,رِجْسٌۭ
7,73,صَـٰلِحًۭا
7,73,بَيِّنَةٌۭ
7,73,ءَايَةًۭ
7,73,أَلِيمٌۭ
7,74,قُصُورًۭا
7,74,بُيُوتًۭا
7,75,صَـٰلِحًۭا
7,75,مُّرْسَلٌۭ
7,81,شَهْوَةًۭ
7,81,قَوْمٌۭ
7,82,أُنَاسٌۭ
7,84,مَّطَرًۭا
7,85,شُعَيْبًۭا
7,85,بَيِّنَةٌۭ
7,85,خَيْرٌۭ
7,86,عِوَجًۭا
7,86,قَلِيلًۭا
7,87,طَآئِفَةٌۭ
7,87,وَطَآئِفَةٌۭ
7,90,إِذًۭا
7,92,شُعَيْبًۭا
7,92,شُعَيْبًۭا
7,95,بَغْتَةًۭ
7,97,بَيَـٰتًۭا
7,98,ضُحًۭى
7,104,رَسُولٌۭ
7,107,ثُعْبَانٌۭ
7,107,مُّبِينٌۭ
7,109,عَلِيمٌۭ
7,123,لَمَكْرٌۭ
7,126,صَبْرًۭا
7,131,سَيِّئَةٌۭ
7,133,قَوْمًۭا
7,138,إِلَـٰهًۭا
7,138,ءَالِهَةٌۭ
7,138,قَوْمٌۭ
7,139,مُتَبَّرٌۭ
7,139,وَبَـٰطِلٌۭ
7,140,إِلَـٰهًۭا
7,141,بَلَآءٌۭ
7,141,عَظِيمٌۭ
7,142,لَيْلَةًۭ
7,142,لَيْلَةًۭ
7,143,دَكًّۭا
7,143,صَعِقًۭا
7,145,مَّوْعِظَةًۭ
7,145,وَتَفْصِيلًۭا
7,146,سَبِيلًۭا
7,146,سَبِيلًۭا
7,148,عِجْلًۭا
7,148,جَسَدًۭا
7,150,أَسِفًۭا
7,152,غَضَبٌۭ
7,152,وَذِلَّةٌۭ
7,153,لَغَفُورٌۭ
7,153,رَّحِيمٌۭ
7,154,هُدًۭى
7,154,وَرَحْمَةٌۭ
7,155,رَجُلًۭا
7,156,حَسَنَةًۭ
7,159,أُمَّةٌۭ
7,160,أُمَمًۭا
7,160,عَيْنًۭا
7,161,حِطَّةٌۭ
7,161,سُجَّدًۭا
7,162,رِجْزًۭا
7,163,شُرَّعًۭا
7,164,أُمَّةٌۭ
7,164,عَذَابًۭا
7,164,شَدِيدًۭا
7,165,بِعَذَابٍۭ
7,165,بَـِٔيسٍۭ
7,167,لَغَفُورٌۭ
7,167,رَّحِيمٌۭ
7,168,أُمَمًۭا
7,169,خَلْفٌۭ
7,169,عَرَضٌۭ
7,169,خَيْرٌۭ
7,171,ظُلَّةٌۭ
7,173,ذُرِّيَّةًۭ
7,179,كَثِيرًۭا
7,179,قُلُوبٌۭ
7,179,أَعْيُنٌۭ
7,179,ءَاذَانٌۭ
7,181,أُمَّةٌۭ
7,184,نَذِيرٌۭ
7,185,حَدِيثٍۭ
7,187,بَغْتَةًۭ
7,188,نَفْعًۭا
7,188,نَذِيرٌۭ
7,188,وَبَشِيرٌۭ
7,189,خَفِيفًۭا
7,189,صَـٰلِحًۭا
7,190,صَـٰلِحًۭا
7,191,شَيْـًۭٔا
7,192,نَصْرًۭا
7,195,أَرْجُلٌۭ
7,195,أَعْيُنٌۭ
7,195,ءَاذَانٌۭ
7,200,نَزْغٌۭ
7,201,طَـٰٓئِفٌۭ
7,203,وَهُدًۭى
7,203,وَرَحْمَةٌۭ
7,205,تَضَرُّعًۭا
7,205,وَخِيفَةًۭ
8,2,إِيمَـٰنًۭا
8,4,حَقًّۭا
8,4,وَمَغْفِرَةٌۭ
8,4,وَرِزْقٌۭ
8,4,كَرِيمٌۭ
8,5,فَرِيقًۭا
8,11,أَمَنَةًۭ
8,11,مَآءًۭ
8,15,زَحْفًۭا
8,16,مُتَحَرِّفًۭا
8,17,عَلِيمٌۭ
8,19,خَيْرٌۭ
8,19,شَيْـًۭٔا
8,23,خَيْرًۭا
8,25,فِتْنَةًۭ
8,25,خَآصَّةًۭ
8,26,قَلِيلٌۭ
8,28,فِتْنَةٌۭ
8,28,عَظِيمٌۭ
8,29,فُرْقَانًۭا
8,32,حِجَارَةًۭ
8,35,مُكَآءًۭ
8,35,وَتَصْدِيَةًۭ
8,36,حَسْرَةًۭ
8,37,جَمِيعًۭا
8,39,فِتْنَةٌۭ
8,39,بَصِيرٌۭ
8,42,أَمْرًۭا
8,42,مَفْعُولًۭا
8,43,قَلِيلًۭا
8,43,كَثِيرًۭا
8,44,قَلِيلًۭا
8,44,أَمْرًۭا
8,44,مَفْعُولًۭا
8,45,فِئَةًۭ
8,45,كَثِيرًۭا
8,47,بَطَرًۭا
8,47,مُحِيطٌۭ
8,48,جَارٌۭ
8,48,بَرِىٓءٌۭ
8,49,حَكِيمٌۭ
8,52,قَوِىٌّۭ
8,53,مُغَيِّرًۭا
8,53,عَلِيمٌۭ
8,54,وَكُلٌّۭ
8,58,خِيَانَةًۭ
8,63,جَمِيعًۭا
8,63,حَكِيمٌۭ
8,65,مِّا۟ئَةٌۭ
8,65,أَلْفًۭا
8,65,قَوْمٌۭ
8,66,ضَعْفًۭا
8,66,مِّا۟ئَةٌۭ
8,66,صَابِرَةٌۭ
8,66,أَلْفٌۭ
8,67,حَكِيمٌۭ
8,68,كِتَـٰبٌۭ
8,68,عَظِيمٌۭ
8,69,حَلَـٰلًۭا
8,69,طَيِّبًۭا
8,69,غَفُورٌۭ
8,69,رَّحِيمٌۭ
8,70,خَيْرًۭا
8,70,خَيْرًۭا
8,70,غَفُورٌۭ
8,70,رَّحِيمٌۭ
8,72,قَوْمٍۭ
8,72,مِّيثَـٰقٌۭ
8,72,بَصِيرٌۭ
8,73,فِتْنَةٌۭ
8,73,وَفَسَادٌۭ
8,73,كَبِيرٌۭ
8,74,حَقًّۭا
8,74,مَّغْفِرَةٌۭ
8,74,وَرِزْقٌۭ
8,74,كَرِيمٌۭ
9,1,بَرَآءَةٌۭ
9,3,وَأَذَٰنٌۭ
9,3,بَرِىٓءٌۭ
9,3,خَيْرٌۭ
9,4,شَيْـًۭٔا
9,4,أَحَدًۭا
9,5,غَفُورٌۭ
9,5,رَّحِيمٌۭ
9,6,أَحَدٌۭ
9,6,قَوْمٌۭ
9,8,إِلًّۭا
9,8,ذِمَّةًۭ
9,9,ثَمَنًۭا
9,9,قَلِيلًۭا
9,10,إِلًّۭا
9,10,ذِمَّةًۭ
9,13,قَوْمًۭا
9,16,وَلِيجَةًۭ
9,21,نَعِيمٌۭ
9,22,عَظِيمٌۭ
9,24,وَتِجَـٰرَةٌۭ
9,25,شَيْـًۭٔا
9,26,جُنُودًۭا
9,27,غَفُورٌۭ
9,27,رَّحِيمٌۭ
9,28,نَجَسٌۭ
9,28,عَيْلَةًۭ
9,28,حَكِيمٌۭ
9,31,أَرْبَابًۭا
9,31,إِلَـٰهًۭا
9,31,وَٰحِدًۭا
9,34,كَثِيرًۭا
9,36,شَهْرًۭا
9,36,حُرُمٌۭ
9,36,كَآفَّةًۭ
9,36,كَآفَّةًۭ
9,37,زِيَادَةٌۭ
9,37,عَامًۭا
9,37,عَامًۭا
9,39,أَلِيمًۭا
9,39,شَيْـًۭٔا
9,41,خِفَافًۭا
9,41,وَثِقَالًۭا
9,41,خَيْرٌۭ
9,42,عَرَضًۭا
9,42,قَرِيبًۭا
9,42,وَسَفَرًۭا
9,42,قَاصِدًۭا
9,46,عُدَّةًۭ
9,47,خَبَالًۭا
9,50,حَسَنَةٌۭ
9,50,مُصِيبَةٌۭ
9,53,كَرْهًۭا
9,53,قَوْمًۭا
9,56,قَوْمٌۭ
9,57,مُدَّخَلًۭا
9,60,فَرِيضَةًۭ
9,60,حَكِيمٌۭ
9,61,أُذُنٌۭ
9,61,وَرَحْمَةٌۭ
9,61,أَلِيمٌۭ
9,63,خَـٰلِدًۭا
9,64,سُورَةٌۭ
9,64,مُخْرِجٌۭ
9,68,عَذَابٌۭ
9,68,مُّقِيمٌۭ
9,69,قُوَّةًۭ
9,69,أَمْوَٰلًۭا
9,69,وَأَوْلَـٰدًۭا
9,71,حَكِيمٌۭ
9,72,طَيِّبَةًۭ
9,72,وَرِضْوَٰنٌۭ
9,74,خَيْرًۭا
9,74,أَلِيمًۭا
9,77,نِفَاقًۭا
9,80,مَرَّةًۭ
9,81,حَرًّۭا
9,82,قَلِيلًۭا
9,82,كَثِيرًۭا
9,83,أَبَدًۭا
9,84,أَبَدًۭا
9,90,أَلِيمٌۭ
9,91,غَفُورٌۭ
9,91,رَّحِيمٌۭ
9,95,رِجْسٌۭ
9,97,كُفْرًۭا
9,97,وَنِفَاقًۭا
9,97,حَكِيمٌۭ
9,98,مَغْرَمًۭا
9,98,عَلِيمٌۭ
9,99,قُرْبَةٌۭ
9,99,غَفُورٌۭ
9,99,رَّحِيمٌۭ
9,100,أَبَدًۭا
9,102,عَمَلًۭا
9,102,صَـٰلِحًۭا
9,102,غَفُورٌۭ
9,103,صَدَقَةًۭ
9,103,سَكَنٌۭ
9,106,حَكِيمٌۭ
9,107,مَسْجِدًۭا
9,107,ضِرَارًۭا
9,107,وَكُفْرًۭا
9,107,وَإِرْصَادًۭا
9,108,أَبَدًۭا
9,108,رِجَالٌۭ
9,110,رِيبَةًۭ
9,111,حَقًّۭا
9,114,عَدُوٌّۭ
9,114,حَلِيمٌۭ
9,117,رَءُوفٌۭ
9,117,رَّحِيمٌۭ
9,120,ظَمَأٌۭ
9,120,نَصَبٌۭ
9,120,مَخْمَصَةٌۭ
9,120,مَوْطِئًۭا
9,120,عَمَلٌۭ
9,121,نَفَقَةًۭ
9,121,صَغِيرَةًۭ
9,121,كَبِيرَةًۭ
9,122,كَآفَّةًۭ
9,122,طَآئِفَةٌۭ
9,123,غِلْظَةًۭ
9,124,سُورَةٌۭ
9,124,إِيمَـٰنًۭا
9,124,إِيمَـٰنًۭا
9,125,مَّرَضٌۭ
9,127,سُورَةٌۭ
9,127,قَوْمٌۭ
9,128,رَسُولٌۭ
9,128,رَءُوفٌۭ
9,128,رَّحِيمٌۭ
10,2,لَسَـٰحِرٌۭ
10,4,جَمِيعًۭا
10,4,شَرَابٌۭ
10,5,ضِيَآءًۭ
10,5,نُورًۭا
10,10,سَلَـٰمٌۭ
10,12,قَآئِمًۭا
10,16,عُمُرًۭا
10,19,أُمَّةًۭ
10,19,وَٰحِدَةًۭ
10,19,كَلِمَةٌۭ
10,20,ءَايَةٌۭ
10,21,رَحْمَةًۭ
10,21,مَّكْرٌۭ
10,22,عَاصِفٌۭ
10,24,نَهَارًۭا
10,24,حَصِيدًۭا
10,26,وَزِيَادَةٌۭ
10,26,قَتَرٌۭ
10,27,سَيِّئَةٍۭ
10,27,ذِلَّةٌۭ
10,27,قِطَعًۭا
10,28,جَمِيعًۭا
10,41,بَرِىٓءٌۭ
10,44,شَيْـًۭٔا
10,45,سَاعَةًۭ
10,47,رَّسُولٌۭ
10,49,ضَرًّۭا
10,49,سَاعَةًۭ
10,50,نَهَارًۭا
10,53,لَحَقٌّۭ
10,55,حَقٌّۭ
10,57,مَّوْعِظَةٌۭ
10,57,وَشِفَآءٌۭ
10,57,وَهُدًۭى
10,57,وَرَحْمَةٌۭ
10,58,خَيْرٌۭ
10,59,حَرَامًۭا
10,59,وَحَلَـٰلًۭا
10,68,وَلَدًۭا
10,68,سُلْطَـٰنٍۭ
10,70,مَتَـٰعٌۭ
10,71,غُمَّةًۭ
10,75,قَوْمًۭا
10,76,لَسِحْرٌۭ
10,76,مُّبِينٌۭ
10,83,ذُرِّيَّةٌۭ
10,85,فِتْنَةًۭ
10,87,بُيُوتًۭا
10,87,قِبْلَةًۭ
10,88,زِينَةًۭ
10,88,وَأَمْوَٰلًۭا
10,90,بَغْيًۭا
10,92,ءَايَةًۭ
10,92,كَثِيرًۭا
10,105,حَنِيفًۭا
10,106,إِذًۭا
11,2,نَذِيرٌۭ
11,2,وَبَشِيرٌۭ
11,3,مُّسَمًّۭى
11,6,كُلٌّۭ
11,7,عَمَلًۭا
11,7,سِحْرٌۭ
11,7,مُّبِينٌۭ
11,9,رَحْمَةًۭ
11,9,لَيَـُٔوسٌۭ
11,9,كَفُورٌۭ
11,10,لَفَرِحٌۭ
11,11,مَّغْفِرَةٌۭ
11,11,وَأَجْرٌۭ
11,11,كَبِيرٌۭ
11,12,نَذِيرٌۭ
11,16,وَبَـٰطِلٌۭ
11,17,شَاهِدٌۭ
11,17,إِمَامًۭا
11,19,عِوَجًۭا
11,25,نَذِيرٌۭ
11,27,بَشَرًۭا
11,27,فَضْلٍۭ
11,28,رَحْمَةًۭ
11,29,قَوْمًۭا
11,31,مَلَكٌۭ
11,31,إِذًۭا
11,35,بَرِىٓءٌۭ
11,38,مَلَأٌۭ
11,39,عَذَابٌۭ
11,39,عَذَابٌۭ
11,40,قَلِيلٌۭ
11,41,لَغَفُورٌۭ
11,41,رَّحِيمٌۭ
11,44,بُعْدًۭا
11,45,نُوحٌۭ
11,47,عِلْمٌۭ
11,48,وَأُمَمٌۭ
11,48,أَلِيمٌۭ
11,50,هُودًۭا
11,52,مِّدْرَارًۭا
11,54,بَرِىٓءٌۭ
11,55,جَمِيعًۭا
11,57,حَفِيظٌۭ
11,58,هُودًۭا
11,59,عَادٌۭ
11,60,لَعْنَةًۭ
11,60,عَادًۭا
11,60,بُعْدًۭا
11,61,صَـٰلِحًۭا
11,61,قَرِيبٌۭ
11,61,مُّجِيبٌۭ
11,62,مَرْجُوًّۭا
11,63,رَحْمَةًۭ
11,64,ءَايَةًۭ
11,64,عَذَابٌۭ
11,64,قَرِيبٌۭ
11,66,صَـٰلِحًۭا
11,68,بُعْدًۭا
11,69,سَلَـٰمًۭا
11,69,سَلَـٰمٌۭ
11,70,خِيفَةًۭ
11,71,قَآئِمَةٌۭ
11,72,عَجُوزٌۭ
11,72,عَجِيبٌۭ
11,73,حَمِيدٌۭ
11,73,مَّجِيدٌۭ
11,75,أَوَّٰهٌۭ
11,75,مُّنِيبٌۭ
11,77,لُوطًۭا
11,77,ذَرْعًۭا
11,77,عَصِيبٌۭ
11,78,رَجُلٌۭ
11,78,رَّشِيدٌۭ
11,82,حِجَارَةًۭ
11,84,شُعَيْبًۭا
11,86,خَيْرٌۭ
11,88,حَسَنًۭا
11,90,رَحِيمٌۭ
11,90,وَدُودٌۭ
11,91,كَثِيرًۭا
11,91,ضَعِيفًۭا
11,92,مُحِيطٌۭ
11,93,عَـٰمِلٌۭ
11,93,عَذَابٌۭ
11,93,كَـٰذِبٌۭ
11,93,رَقِيبٌۭ
11,94,شُعَيْبًۭا
11,95,بُعْدًۭا
11,99,لَعْنَةًۭ
11,100,قَآئِمٌۭ
11,100,وَحَصِيدٌۭ
11,102,أَلِيمٌۭ
11,103,لَـَٔايَةًۭ
11,103,يَوْمٌۭ
11,103,مَّجْمُوعٌۭ
11,103,يَوْمٌۭ
11,103,مَّشْهُودٌۭ
11,105,شَقِىٌّۭ
11,105,وَسَعِيدٌۭ
11,106,زَفِيرٌۭ
11,107,فَعَّالٌۭ
11,110,كَلِمَةٌۭ
11,111,كُلًّۭا
11,111,خَبِيرٌۭ
11,112,بَصِيرٌۭ
11,114,وَزُلَفًۭا
11,116,قَلِيلًۭا
11,118,أُمَّةًۭ
11,118,وَٰحِدَةًۭ
11,120,وَكُلًّۭا
11,120,وَمَوْعِظَةٌۭ
12,2,عَرَبِيًّۭا
12,4,كَوْكَبًۭا
12,5,عَدُوٌّۭ
12,5,مُّبِينٌۭ
12,6,حَكِيمٌۭ
12,7,ءَايَـٰتٌۭ
12,9,أَرْضًۭا
12,9,قَوْمًۭا
12,10,قَآئِلٌۭ
12,12,غَدًۭا
12,14,إِذًۭا
12,16,عِشَآءًۭ
12,18,أَمْرًۭا
12,18,فَصَبْرٌۭ
12,18,جَمِيلٌۭ
12,19,سَيَّارَةٌۭ
12,19,غُلَـٰمٌۭ
12,19,بِضَـٰعَةًۭ
12,20,بِثَمَنٍۭ
12,21,وَلَدًۭا
12,22,حُكْمًۭا
12,22,وَعِلْمًۭا
12,25,أَلِيمٌۭ
12,26,شَاهِدٌۭ
12,28,عَظِيمٌۭ
12,30,نِسْوَةٌۭ
12,31,مُتَّكَـًۭٔا
12,31,سِكِّينًۭا
12,31,مَلَكٌۭ
12,31,كَرِيمٌۭ
12,32,وَلَيَكُونًۭا
12,36,خَمْرًۭا
12,36,خُبْزًۭا
12,37,طَعَامٌۭ
12,39,ءَأَرْبَابٌۭ
12,40,أَسْمَآءًۭ
12,41,خَمْرًۭا
12,43,عِجَافٌۭ
12,46,عِجَافٌۭ
12,47,دَأَبًۭا
12,47,قَلِيلًۭا
12,48,سَبْعٌۭ
12,48,شِدَادٌۭ
12,48,قَلِيلًۭا
12,49,عَامٌۭ
12,50,عَلِيمٌۭ
12,53,غَفُورٌۭ
12,53,رَّحِيمٌۭ
12,54,أَمِينٌۭ
12,55,عَلِيمٌۭ
12,57,خَيْرٌۭ
12,64,حَـٰفِظًۭا
12,65,كَيْلٌۭ
12,65,يَسِيرٌۭ
12,66,مَوْثِقًۭا
12,66,وَكِيلٌۭ
12,68,حَاجَةًۭ
12,72,زَعِيمٌۭ
12,76,عَلِيمٌۭ
12,77,أَخٌۭ
12,77,شَرٌّۭ
12,77,مَّكَانًۭا
12,78,أَبًۭا
12,78,شَيْخًۭا
12,78,كَبِيرًۭا
12,79,إِذًۭا
12,80,نَجِيًّۭا
12,80,مَّوْثِقًۭا
12,83,أَمْرًۭا
12,83,فَصَبْرٌۭ
12,84,كَظِيمٌۭ
12,93,بَصِيرًۭا
12,96,بَصِيرًۭا
12,100,سُجَّدًۭا
12,100,حَقًّۭا
12,100,لَطِيفٌۭ
12,101,مُسْلِمًۭا
12,104,ذِكْرٌۭ
12,107,غَـٰشِيَةٌۭ
12,107,بَغْتَةًۭ
12,109,رِجَالًۭا
12,109,خَيْرٌۭ
12,111,عِبْرَةٌۭ
12,111,حَدِيثًۭا
12,111,وَهُدًۭى
12,111,وَرَحْمَةًۭ
13,2,كُلٌّۭ
13,2,مُّسَمًّۭى
13,3,وَأَنْهَـٰرًۭا
13,4,قِطَعٌۭ
13,4,مُّتَجَـٰوِرَٰتٌۭ
13,4,وَجَنَّـٰتٌۭ
13,4,وَزَرْعٌۭ
13,4,وَنَخِيلٌۭ
13,4,صِنْوَانٌۭ
13,5,فَعَجَبٌۭ
13,7,ءَايَةٌۭ
13,7,مُنذِرٌۭ
13,10,سَوَآءٌۭ
13,10,مُسْتَخْفٍۭ
13,11,مُعَقِّبَـٰتٌۭ
13,11,سُوٓءًۭا
13,12,خَوْفًۭا
13,12,وَطَمَعًۭا
13,15,طَوْعًۭا
13,15,وَكَرْهًۭا
13,16,نَفْعًۭا
13,16,ضَرًّۭا
13,17,مَآءًۭ
13,17,زَبَدًۭا
13,17,رَّابِيًۭا
13,17,زَبَدٌۭ
13,17,جُفَآءًۭ
13,18,جَمِيعًۭا
13,22,سِرًّۭا
13,22,وَعَلَانِيَةًۭ
13,26,مَتَـٰعٌۭ
13,27,ءَايَةٌۭ
13,30,أُمَمٌۭ
13,31,قُرْءَانًۭا
13,31,جَمِيعًۭا
13,31,قَرِيبًۭا
13,33,نَفْسٍۭ
13,34,عَذَابٌۭ
13,35,دَآئِمٌۭ
13,37,عَرَبِيًّۭا
13,38,رُسُلًۭا
13,38,أَزْوَٰجًۭا
13,38,وَذُرِّيَّةًۭ
13,38,كِتَابٌۭ
13,42,جَمِيعًۭا
13,43,مُرْسَلًۭا
14,2,وَوَيْلٌۭ
14,3,ضَلَـٰلٍۭ
14,6,بَلَآءٌۭ
14,6,عَظِيمٌۭ
14,7,لَشَدِيدٌۭ
14,8,جَمِيعًۭا
14,10,شَكٌّۭ
14,10,مُّسَمًّۭى
14,10,بَشَرٌۭ
14,11,بَشَرٌۭ
14,17,غَلِيظٌۭ
14,21,جَمِيعًۭا
14,21,تَبَعًۭا
14,22,أَلِيمٌۭ
14,24,مَثَلًۭا
14,24,كَلِمَةًۭ
14,24,طَيِّبَةًۭ
14,24,ثَابِتٌۭ
14,25,حِينٍۭ
14,28,كُفْرًۭا
14,30,أَندَادًۭا
14,31,سِرًّۭا
14,31,وَعَلَانِيَةًۭ
14,31,يَوْمٌۭ
14,31,بَيْعٌۭ
14,32,مَآءًۭ
14,32,رِزْقًۭا
14,34,لَظَلُومٌۭ
14,34,كَفَّارٌۭ
14,35,ءَامِنًۭا
14,36,كَثِيرًۭا
14,36,غَفُورٌۭ
14,36,رَّحِيمٌۭ
14,37,أَفْـِٔدَةًۭ
14,43,هَوَآءٌۭ
14,47,عَزِيزٌۭ
14,52,بَلَـٰغٌۭ
14,52,إِلَـٰهٌۭ
14,52,وَٰحِدٌۭ
15,4,كِتَابٌۭ
15,4,مَّعْلُومٌۭ
15,6,لَمَجْنُونٌۭ
15,8,إِذًۭا
15,14,بَابًۭا
15,15,قَوْمٌۭ
15,16,بُرُوجًۭا
15,18,شِهَابٌۭ
15,18,مُّبِينٌۭ
15,22,مَآءًۭ
15,25,عَلِيمٌۭ
15,28,بَشَرًۭا
15,34,رَجِيمٌۭ
15,44,جُزْءٌۭ
15,48,نَصَبٌۭ
15,52,سَلَـٰمًۭا
15,62,قَوْمٌۭ
15,65,أَحَدٌۭ
15,66,مَقْطُوعٌۭ
15,74,حِجَارَةًۭ
15,77,لَـَٔايَةًۭ
15,85,لَـَٔاتِيَةٌۭ
15,87,سَبْعًۭا
15,88,أَزْوَٰجًۭا
16,4,خَصِيمٌۭ
16,4,مُّبِينٌۭ
16,5,دِفْءٌۭ
16,7,لَرَءُوفٌۭ
16,7,رَّحِيمٌۭ
16,8,وَزِينَةًۭ
16,9,جَآئِرٌۭ
16,10,مَآءًۭ
16,10,شَرَابٌۭ
16,10,شَجَرٌۭ
16,11,لَـَٔايَةًۭ
16,13,لَـَٔايَةًۭ
16,14,لَحْمًۭا
16,14,طَرِيًّۭا
16,14,حِلْيَةًۭ
16,15,وَأَنْهَـٰرًۭا
16,15,وَسُبُلًۭا
16,18,لَغَفُورٌۭ
16,18,رَّحِيمٌۭ
16,20,شَيْـًۭٔا
16,22,إِلَـٰهٌۭ
16,22,وَٰحِدٌۭ
16,22,مُّنكِرَةٌۭ
16,25,كَامِلَةًۭ
16,28,سُوٓءٍۭ
16,30,خَيْرًۭا
16,30,حَسَنَةٌۭ
16,30,خَيْرٌۭ
16,38,حَقًّۭا
16,41,حَسَنَةًۭ
16,43,رِجَالًۭا
16,47,لَرَءُوفٌۭ
16,48,سُجَّدًۭا
16,51,إِلَـٰهٌۭ
16,51,وَٰحِدٌۭ
16,54,فَرِيقٌۭ
16,56,نَصِيبًۭا
16,58,مُسْوَدًّۭا
16,58,كَظِيمٌۭ
16,61,مُّسَمًّۭى
16,61,سَاعَةًۭ
16,63,أَلِيمٌۭ
16,64,وَهُدًۭى
16,64,وَرَحْمَةًۭ
16,65,مَآءًۭ
16,65,لَـَٔايَةًۭ
16,66,لَعِبْرَةًۭ
16,66,خَالِصًۭا
16,66,سَآئِغًۭا
16,67,سَكَرًۭا
16,67,لَـَٔايَةًۭ
16,68,بُيُوتًۭا
16,69,ذُلُلًۭا
16,69,شَرَابٌۭ
16,69,شِفَآءٌۭ
16,69,لَـَٔايَةًۭ
16,70,عَلِيمٌۭ
16,70,قَدِيرٌۭ
16,72,أَزْوَٰجًۭا
16,72,وَحَفَدَةًۭ
16,73,رِزْقًۭا
16,73,شَيْـًۭٔا
16,75,عَبْدًۭا
16,75,مَّمْلُوكًۭا
16,75,حَسَنًۭا
16,75,سِرًّۭا
16,76,مَثَلًۭا
16,77,قَدِيرٌۭ
16,78,شَيْـًۭٔا
16,80,سَكَنًۭا
16,80,بُيُوتًۭا
16,80,أَثَـٰثًۭا
16,81,ظِلَـٰلًۭا
16,81,أَكْنَـٰنًۭا
16,84,شَهِيدًۭا
16,88,عَذَابًۭا
16,89,تِبْيَـٰنًۭا
16,89,وَهُدًۭى
16,89,وَرَحْمَةًۭ
16,92,أَنكَـٰثًۭا
16,93,أُمَّةًۭ
16,93,وَٰحِدَةًۭ
16,94,عَظِيمٌۭ
16,95,ثَمَنًۭا
16,95,خَيْرٌۭ
16,97,صَـٰلِحًۭا
16,97,مُؤْمِنٌۭ
16,97,حَيَوٰةًۭ
16,97,طَيِّبَةًۭ
16,101,ءَايَةًۭ
16,101,مُفْتَرٍۭ
16,102,وَهُدًۭى
16,103,بَشَرٌۭ
16,103,أَعْجَمِىٌّۭ
16,103,عَرَبِىٌّۭ
16,106,صَدْرًۭا
16,106,غَضَبٌۭ
16,106,عَظِيمٌۭ
16,110,لَغَفُورٌۭ
16,110,رَّحِيمٌۭ
16,112,مَثَلًۭا
16,112,قَرْيَةًۭ
16,112,ءَامِنَةًۭ
16,112,مُّطْمَئِنَّةًۭ
16,112,رَغَدًۭا
16,113,رَسُولٌۭ
16,114,حَلَـٰلًۭا
16,114,طَيِّبًۭا
16,115,غَفُورٌۭ
16,115,رَّحِيمٌۭ
16,116,حَلَـٰلٌۭ
16,116,حَرَامٌۭ
16,117,مَتَـٰعٌۭ
16,117,قَلِيلٌۭ
16,117,أَلِيمٌۭ
16,119,لَغَفُورٌۭ
16,120,أُمَّةًۭ
16,120,قَانِتًۭا
16,120,حَنِيفًۭا
16,121,شَاكِرًۭا
16,122,حَسَنَةًۭ
16,123,حَنِيفًۭا
16,126,خَيْرٌۭ
17,1,لَيْلًۭا
17,2,هُدًۭى
17,2,وَكِيلًۭا
17,3,عَبْدًۭا
17,3,شَكُورًۭا
17,4,عُلُوًّۭا
17,4,كَبِيرًۭا
17,5,عِبَادًۭا
17,5,وَعْدًۭا
17,5,مَّفْعُولًۭا
17,9,أَجْرًۭا
17,9,كَبِيرًۭا
17,10,أَلِيمًۭا
17,11,عَجُولًۭا
17,12,مُبْصِرَةًۭ
17,12,فَضْلًۭا
17,12,تَفْصِيلًۭا
17,13,كِتَـٰبًۭا
17,14,حَسِيبًۭا
17,15,وَازِرَةٌۭ
17,15,رَسُولًۭا
17,16,تَدْمِيرًۭا
17,17,بَصِيرًۭا
17,18,مَذْمُومًۭا
17,18,مَّدْحُورًۭا
17,19,مُؤْمِنٌۭ
17,19,مَّشْكُورًۭا
17,20,كُلًّۭا
17,21,تَفْضِيلًۭا
17,22,مَذْمُومًۭا
17,22,مَّخْذُولًۭا
17,23,قَوْلًۭا
17,23,كَرِيمًۭا
17,24,صَغِيرًۭا
17,25,غَفُورًۭا
17,27,كَفُورًۭا
17,28,قَوْلًۭا
17,28,مَّيْسُورًۭا
17,29,مَلُومًۭا
17,30,بَصِيرًۭا
17,31,خِطْـًۭٔا
17,31,كَبِيرًۭا
17,32,فَـٰحِشَةًۭ
17,32,سَبِيلًۭا
17,33,مَظْلُومًۭا
17,33,سُلْطَـٰنًۭا
17,33,مَنصُورًۭا
17,34,مَسْـُٔولًۭا
17,35,خَيْرٌۭ
17,35,تَأْوِيلًۭا
17,36,مَسْـُٔولًۭا
17,37,طُولًۭا
17,38,مَكْرُوهًۭا
17,39,مَلُومًۭا
17,40,عَظِيمًۭا
17,41,نُفُورًۭا
17,42,ءَالِهَةٌۭ
17,42,إِذًۭا
17,42,سَبِيلًۭا
17,43,عُلُوًّۭا
17,43,كَبِيرًۭا
17,44,غَفُورًۭا
17,45,حِجَابًۭا
17,45,مَّسْتُورًۭا
17,46,وَقْرًۭا
17,46,نُفُورًۭا
17,47,رَجُلًۭا
17,48,سَبِيلًۭا
17,49,عِظَـٰمًۭا
17,49,خَلْقًۭا
17,49,جَدِيدًۭا
17,51,خَلْقًۭا
17,51,قَرِيبًۭا
17,52,قَلِيلًۭا
17,53,عَدُوًّۭا
17,53,مُّبِينًۭا
17,54,وَكِيلًۭا
17,55,زَبُورًۭا
17,57,مَحْذُورًۭا
17,58,عَذَابًۭا
17,58,شَدِيدًۭا
17,58,مَسْطُورًۭا
17,59,مُبْصِرَةًۭ
17,59,تَخْوِيفًۭا
17,60,فِتْنَةًۭ
17,60,طُغْيَـٰنًۭا
17,60,كَبِيرًۭا
17,61,طِينًۭا
17,62,قَلِيلًۭا
17,63,جَزَآءًۭ
17,63,مَّوْفُورًۭا
17,65,سُلْطَـٰنٌۭ
17,65,وَكِيلًۭا
17,66,رَحِيمًۭا
17,68,حَاصِبًۭا
17,69,قَاصِفًۭا
17,69,تَبِيعًۭا
17,70,تَفْضِيلًۭا
17,71,أُنَاسٍۭ
17,71,فَتِيلًۭا
17,72,سَبِيلًۭا
17,73,وَإِذًۭا
17,73,خَلِيلًۭا
17,74,شَيْـًۭٔا
17,75,إِذًۭا
17,75,نَصِيرًۭا
17,76,وَإِذًۭا
17,76,قَلِيلًۭا
17,78,مَشْهُودًۭا
17,79,نَافِلَةًۭ
17,79,مَقَامًۭا
17,79,مَّحْمُودًۭا
17,80,سُلْطَـٰنًۭا
17,80,نَّصِيرًۭا
17,81,زَهُوقًۭا
17,82,شِفَآءٌۭ
17,82,وَرَحْمَةٌۭ
17,82,خَسَارًۭا
17,83,يَـُٔوسًۭا
17,84,كُلٌّۭ
17,84,سَبِيلًۭا
17,85,قَلِيلًۭا
17,87,رَحْمَةًۭ
17,87,كَبِيرًۭا
17,88,ظَهِيرًۭا
17,89,كُفُورًۭا
17,91,جَنَّةٌۭ
17,93,بَيْتٌۭ
17,93,كِتَـٰبًۭا
17,93,بَشَرًۭا
17,93,رَّسُولًۭا
17,94,بَشَرًۭا
17,94,رَّسُولًۭا
17,95,مَلَـٰٓئِكَةٌۭ
17,95,مَلَكًۭا
17,95,رَّسُولًۭا
17,96,بَصِيرًۭا
17,97,عُمْيًۭا
17,97,وَبُكْمًۭا
17,97,وَصُمًّۭا
17,97,سَعِيرًۭا
17,98,عِظَـٰمًۭا
17,98,خَلْقًۭا
17,99,أَجَلًۭا
17,99,كُفُورًۭا
17,100,إِذًۭا
17,100,قَتُورًۭا
17,101,ءَايَـٰتٍۭ
17,101,مَسْحُورًۭا
17,102,مَثْبُورًۭا
17,103,جَمِيعًۭا
17,104,لَفِيفًۭا
17,105,مُبَشِّرًۭا
17,105,وَنَذِيرًۭا
17,106,وَقُرْءَانًۭا
17,106,تَنزِيلًۭا
17,107,سُجَّدًۭا
17,108,لَمَفْعُولًۭا
17,109,خُشُوعًۭا
17,110,أَيًّۭا
17,110,سَبِيلًۭا
17,111,وَلَدًۭا
17,111,شَرِيكٌۭ
17,111,وَلِىٌّۭ
18,2,قَيِّمًۭا
18,2,بَأْسًۭا
18,2,شَدِيدًۭا
18,2,حَسَنًۭا
18,3,أَبَدًۭا
18,4,وَلَدًۭا
18,5,كَلِمَةًۭ
18,5,كَذِبًۭا
18,6,بَـٰخِعٌۭ
18,7,زِينَةًۭ
18,7,عَمَلًۭا
18,8,صَعِيدًۭا
18,10,رَحْمَةًۭ
18,10,رَشَدًۭا
18,11,عَدَدًۭا
18,12,أَمَدًۭا
18,13,هُدًۭى
18,14,إِلَـٰهًۭا
18,14,إِذًۭا
18,15,ءَالِهَةًۭ
18,15,بِسُلْطَـٰنٍۭ
18,15,كَذِبًۭا
18,16,مِّرْفَقًۭا
18,17,وَلِيًّۭا
18,17,مُّرْشِدًۭا
18,18,أَيْقَاظًۭا
18,18,رُقُودٌۭ
18,18,بَـٰسِطٌۭ
18,18,فِرَارًۭا
18,18,رُعْبًۭا
18,19,قَآئِلٌۭ
18,19,طَعَامًۭا
18,20,أَبَدًۭا
18,21,حَقٌّۭ
18,21,بُنْيَـٰنًۭا
18,21,مَّسْجِدًۭا
18,22,ثَلَـٰثَةٌۭ
18,22,خَمْسَةٌۭ
18,22,سَبْعَةٌۭ
18,22,قَلِيلٌۭ
18,22,مِرَآءًۭ
18,22,ظَـٰهِرًۭا
18,22,أَحَدًۭا
18,23,فَاعِلٌۭ
18,24,رَشَدًۭا
18,25,تِسْعًۭا
18,26,أَحَدًۭا
18,27,مُلْتَحَدًۭا
18,28,فُرُطًۭا
18,31,خُضْرًۭا
18,31,مُرْتَفَقًۭا
18,32,مَّثَلًۭا
18,32,زَرْعًۭا
18,33,شَيْـًۭٔا
18,33,نَهَرًۭا
18,34,ثَمَرٌۭ
18,34,مَالًۭا
18,34,نَفَرًۭا
18,35,ظَالِمٌۭ
18,35,أَبَدًۭا
18,36,قَآئِمَةًۭ
18,36,خَيْرًۭا
18,36,مُنقَلَبًۭا
18,37,رَجُلًۭا
18,38,أَحَدًۭا
18,39,مَالًۭا
18,39,وَوَلَدًۭا
18,40,خَيْرًۭا
18,40,حُسْبَانًۭا
18,40,صَعِيدًۭا
18,41,غَوْرًۭا
18,41,طَلَبًۭا
18,42,أَحَدًۭا
18,43,فِئَةٌۭ
18,44,خَيْرٌۭ
18,44,ثَوَابًۭا
18,44,عُقْبًۭا
18,45,هَشِيمًۭا
18,46,ثَوَابًۭا
18,46,أَمَلًۭا
18,47,بَارِزَةًۭ
18,47,أَحَدًۭا
18,48,صَفًّۭا
18,48,مَرَّةٍۭ
18,48,مَّوْعِدًۭا
18,49,صَغِيرَةًۭ
18,49,حَاضِرًۭا
18,49,أَحَدًۭا
18,50,بَدَلًۭا
18,51,عَضُدًۭا
18,52,مَّوْبِقًۭا
18,53,مَصْرِفًۭا
18,54,جَدَلًۭا
18,55,قُبُلًۭا
18,56,هُزُوًۭا
18,57,وَقْرًۭا
18,57,أَبَدًۭا
18,58,مَّوْعِدٌۭ
18,58,مَوْئِلًۭا
18,59,مَّوْعِدًۭا
18,60,حُقُبًۭا
18,61,سَرَبًۭا
18,62,نَصَبًۭا
18,63,عَجَبًۭا
18,64,قَصَصًۭا
18,65,عَبْدًۭا
18,65,رَحْمَةًۭ
18,65,عِلْمًۭا
18,66,رُشْدًۭا
18,67,صَبْرًۭا
18,68,خُبْرًۭا
18,69,صَابِرًۭا
18,69,أَمْرًۭا
18,70,ذِكْرًۭا
18,71,إِمْرًۭا
18,72,صَبْرًۭا
18,73,عُسْرًۭا
18,74,غُلَـٰمًۭا
18,74,نَفْسًۭا
18,74,شَيْـًۭٔا
18,74,نُّكْرًۭا
18,75,صَبْرًۭا
18,76,شَىْءٍۭ
18,76,عُذْرًۭا
18,77,جِدَارًۭا
18,77,أَجْرًۭا
18,79,مَّلِكٌۭ
18,79,غَصْبًۭا
18,80,طُغْيَـٰنًۭا
18,80,وَكُفْرًۭا
18,81,خَيْرًۭا
18,81,زَكَوٰةًۭ
18,81,رُحْمًۭا
18,82,كَنزٌۭ
18,82,صَـٰلِحًۭا
18,82,رَحْمَةًۭ
18,82,صَبْرًۭا
18,84,سَبَبًۭا
18,86,قَوْمًۭا
18,86,حُسْنًۭا
18,87,عَذَابًۭا
18,87,نُّكْرًۭا
18,88,صَـٰلِحًۭا
18,88,يُسْرًۭا
18,90,سِتْرًۭا
18,91,خُبْرًۭا
18,93,قَوْمًۭا
18,93,قَوْلًۭا
18,94,سَدًّۭا
18,95,خَيْرٌۭ
18,96,نَارًۭا
18,96,قِطْرًۭا
18,97,نَقْبًۭا
18,98,رَحْمَةٌۭ
18,98,حَقًّۭا
18,99,جَمْعًۭا
18,102,نُزُلًۭا
18,105,وَزْنًۭا
18,108,حِوَلًۭا
18,109,مِدَادًۭا
18,109,مَدَدًۭا
18,110,بَشَرٌۭ
18,110,إِلَـٰهٌۭ
18,110,وَٰحِدٌۭ
18,110,عَمَلًۭا
18,110,صَـٰلِحًۭا
19,3,خَفِيًّۭا
19,4,شَيْبًۭا
19,4,شَقِيًّۭا
19,5,عَاقِرًۭا
19,5,وَلِيًّۭا
19,6,رَضِيًّۭا
19,7,سَمِيًّۭا
19,8,غُلَـٰمٌۭ
19,8,عَاقِرًۭا
19,8,عِتِيًّۭا
19,9,هَيِّنٌۭ
19,9,شَيْـًۭٔا
19,10,ءَايَةًۭ
19,10,سَوِيًّۭا
19,11,بُكْرَةًۭ
19,11,وَعَشِيًّۭا
19,12,صَبِيًّۭا
19,13,وَحَنَانًۭا
19,13,وَزَكَوٰةًۭ
19,13,تَقِيًّۭا
19,14,عَصِيًّۭا
19,15,حَيًّۭا
19,16,مَكَانًۭا
19,16,شَرْقِيًّۭا
19,17,حِجَابًۭا
19,17,بَشَرًۭا
19,17,سَوِيًّۭا
19,18,تَقِيًّۭا
19,19,غُلَـٰمًۭا
19,19,زَكِيًّۭا
19,20,غُلَـٰمٌۭ
19,20,بَشَرٌۭ
19,20,بَغِيًّۭا
19,21,هَيِّنٌۭ
19,21,ءَايَةًۭ
19,21,وَرَحْمَةًۭ
19,21,أَمْرًۭا
19,21,مَّقْضِيًّۭا
19,22,مَكَانًۭا
19,22,قَصِيًّۭا
19,23,نَسْيًۭا
19,23,مَّنسِيًّۭا
19,24,سَرِيًّۭا
19,25,رُطَبًۭا
19,25,جَنِيًّۭا
19,26,عَيْنًۭا
19,26,أَحَدًۭا
19,26,صَوْمًۭا
19,26,إِنسِيًّۭا
19,27,شَيْـًۭٔا
19,27,فَرِيًّۭا
19,28,بَغِيًّۭا
19,29,صَبِيًّۭا
19,30,نَبِيًّۭا
19,31,حَيًّۭا
19,32,جَبَّارًۭا
19,32,شَقِيًّۭا
19,33,حَيًّۭا
19,35,أَمْرًۭا
19,36,صِرَٰطٌۭ
19,36,مُّسْتَقِيمٌۭ
19,37,فَوَيْلٌۭ
19,41,صِدِّيقًۭا
19,42,شَيْـًۭٔا
19,43,صِرَٰطًۭا
19,43,سَوِيًّۭا
19,44,عَصِيًّۭا
19,45,عَذَابٌۭ
19,45,وَلِيًّۭا
19,46,مَلِيًّۭا
19,47,حَفِيًّۭا
19,48,شَقِيًّۭا
19,49,وَكُلًّۭا
19,49,نَبِيًّۭا
19,50,عَلِيًّۭا
19,51,مُخْلَصًۭا
19,51,رَسُولًۭا
19,51,نَّبِيًّۭا
19,52,نَجِيًّۭا
19,53,نَبِيًّۭا
19,54,رَسُولًۭا
19,54,نَّبِيًّۭا
19,55,مَرْضِيًّۭا
19,56,صِدِّيقًۭا
19,56,نَّبِيًّۭا
19,58,سُجَّدًۭا
19,58,وَبُكِيًّۭا
19,60,صَـٰلِحًۭا
19,60,شَيْـًۭٔا
19,61,مَأْتِيًّۭا
19,62,سَلَـٰمًۭا
19,62,بُكْرَةًۭ
19,62,وَعَشِيًّۭا
19,63,تَقِيًّۭا
19,64,نَسِيًّۭا
19,65,سَمِيًّۭا
19,67,شَيْـًۭٔا
19,68,جِثِيًّۭا
19,69,عِتِيًّۭا
19,70,صِلِيًّۭا
19,71,حَتْمًۭا
19,71,مَّقْضِيًّۭا
19,72,جِثِيًّۭا
19,73,خَيْرٌۭ
19,73,مَّقَامًۭا
19,73,نَدِيًّۭا
19,74,أَثَـٰثًۭا
19,74,وَرِءْيًۭا
19,75,شَرٌّۭ
19,75,مَّكَانًۭا
19,75,جُندًۭا
19,76,هُدًۭى
19,76,ثَوَابًۭا
19,76,وَخَيْرٌۭ
19,77,مَالًۭا
19,78,عَهْدًۭا
19,79,مَدًّۭا
19,80,فَرْدًۭا
19,81,ءَالِهَةًۭ
19,81,عِزًّۭا
19,83,أَزًّۭا
19,84,عَدًّۭا
19,85,وَفْدًۭا
19,86,وِرْدًۭا
19,87,عَهْدًۭا
19,88,وَلَدًۭا
19,89,إِدًّۭا
19,91,وَلَدًۭا
19,93,عَبْدًۭا
19,94,عَدًّۭا
19,96,وُدًّۭا
19,97,قَوْمًۭا
19,97,لُّدًّۭا
20,3,تَذْكِرَةًۭ
20,4,تَنزِيلًۭا
20,10,نَارًۭا
20,10,نَارًۭا
20,10,هُدًۭى
20,12,طُوًۭى
20,15,نَفْسٍۭ
20,20,حَيَّةٌۭ
20,27,عُقْدَةًۭ
20,29,وَزِيرًۭا
20,33,كَثِيرًۭا
20,35,بَصِيرًۭا
20,39,عَدُوٌّۭ
20,39,وَعَدُوٌّۭ
20,39,مَحَبَّةًۭ
20,40,نَفْسًۭا
20,40,فُتُونًۭا
20,44,قَوْلًۭا
20,44,لَّيِّنًۭا
20,53,مَهْدًۭا
20,53,سُبُلًۭا
20,53,مَآءًۭ
20,53,أَزْوَٰجًۭا
20,58,مَوْعِدًۭا
20,58,مَكَانًۭا
20,58,سُوًۭى
20,59,ضُحًۭى
20,61,كَذِبًۭا
20,64,صَفًّۭا
20,67,خِيفَةًۭ
20,70,سُجَّدًۭا
20,71,عَذَابًۭا
20,73,خَيْرٌۭ
20,74,مُجْرِمًۭا
20,75,مُؤْمِنًۭا
20,77,طَرِيقًۭا
20,77,يَبَسًۭا
20,77,دَرَكًۭا
20,82,لَغَفَّارٌۭ
20,82,صَـٰلِحًۭا
20,86,أَسِفًۭا
20,86,غَضَبٌۭ
20,87,أَوْزَارًۭا
20,88,عِجْلًۭا
20,88,جَسَدًۭا
20,88,خُوَارٌۭ
20,89,قَوْلًۭا
20,89,ضَرًّۭا
20,89,نَفْعًۭا
20,96,قَبْضَةًۭ
20,97,مَوْعِدًۭا
20,97,عَاكِفًۭا
20,98,عِلْمًۭا
20,99,ذِكْرًۭا
20,101,حِمْلًۭا
20,102,زُرْقًۭا
20,103,عَشْرًۭا
20,104,يَوْمًۭا
20,105,نَسْفًۭا
20,106,قَاعًۭا
20,106,صَفْصَفًۭا
20,107,عِوَجًۭا
20,107,أَمْتًۭا
20,108,هَمْسًۭا
20,109,قَوْلًۭا
20,110,عِلْمًۭا
20,111,ظُلْمًۭا
20,112,مُؤْمِنٌۭ
20,112,ظُلْمًۭا
20,112,هَضْمًۭا
20,113,عَرَبِيًّۭا
20,113,ذِكْرًۭا
20,114,عِلْمًۭا
20,115,عَزْمًۭا
20,117,عَدُوٌّۭ
20,123,عَدُوٌّۭ
20,123,هُدًۭى
20,124,مَعِيشَةًۭ
20,124,ضَنكًۭا
20,125,بَصِيرًۭا
20,129,كَلِمَةٌۭ
20,129,لِزَامًۭا
20,129,وَأَجَلٌۭ
20,129,مُّسَمًّۭى
20,131,أَزْوَٰجًۭا
20,131,خَيْرٌۭ
20,132,رِزْقًۭا
20,134,رَسُولًۭا
20,135,كُلٌّۭ
20,135,مُّتَرَبِّصٌۭ
21,3,لَاهِيَةًۭ
21,3,بَشَرٌۭ
21,5,أَحْلَـٰمٍۭ
21,5,شَاعِرٌۭ
21,7,رِجَالًۭا
21,8,جَسَدًۭا
21,10,كِتَـٰبًۭا
21,11,ظَالِمَةًۭ
21,17,لَهْوًۭا
21,18,زَاهِقٌۭ
21,21,ءَالِهَةًۭ
21,24,ءَالِهَةًۭ
21,26,وَلَدًۭا
21,26,عِبَادٌۭ
21,29,إِلَـٰهٌۭ
21,30,رَتْقًۭا
21,31,فِجَاجًۭا
21,31,سُبُلًۭا
21,32,سَقْفًۭا
21,32,مَّحْفُوظًۭا
21,33,كُلٌّۭ
21,35,فِتْنَةًۭ
21,40,بَغْتَةًۭ
21,43,ءَالِهَةٌۭ
21,46,نَفْحَةٌۭ
21,47,نَفْسٌۭ
21,47,شَيْـًۭٔا
21,48,وَضِيَآءًۭ
21,48,وَذِكْرًۭا
21,50,ذِكْرٌۭ
21,58,كَبِيرًۭا
21,60,فَتًۭى
21,66,شَيْـًۭٔا
21,69,بَرْدًۭا
21,70,كَيْدًۭا
21,72,نَافِلَةًۭ
21,72,وَكُلًّۭا
21,73,أَئِمَّةًۭ
21,74,حُكْمًۭا
21,74,وَعِلْمًۭا
21,79,حُكْمًۭا
21,79,وَعِلْمًۭا
21,81,عَاصِفَةًۭ
21,82,عَمَلًۭا
21,84,رَحْمَةًۭ
21,85,كُلٌّۭ
21,87,مُغَـٰضِبًۭا
21,89,فَرْدًۭا
21,90,رَغَبًۭا
21,90,وَرَهَبًۭا
21,91,ءَايَةًۭ
21,92,أُمَّةًۭ
21,92,وَٰحِدَةًۭ
21,94,مُؤْمِنٌۭ
21,99,ءَالِهَةًۭ
21,99,وَكُلٌّۭ
21,100,زَفِيرٌۭ
21,106,لَبَلَـٰغًۭا
21,107,رَحْمَةًۭ
21,108,إِلَـٰهٌۭ
21,108,وَٰحِدٌۭ
21,109,بَعِيدٌۭ
21,111,فِتْنَةٌۭ
22,1,عَظِيمٌۭ
22,2,شَدِيدٌۭ
22,5,مُّسَمًّۭى
22,5,طِفْلًۭا
22,5,شَيْـًۭٔا
22,5,هَامِدَةًۭ
22,5,زَوْجٍۭ
22,6,قَدِيرٌۭ
22,7,ءَاتِيَةٌۭ
22,8,هُدًۭى
22,9,خِزْىٌۭ
22,16,ءَايَـٰتٍۭ
22,18,وَكَثِيرٌۭ
22,19,ثِيَابٌۭ
22,23,وَلُؤْلُؤًۭا
22,23,حَرِيرٌۭ
22,25,بِإِلْحَادٍۭ
22,26,شَيْـًۭٔا
22,27,رِجَالًۭا
22,30,خَيْرٌۭ
22,33,مُّسَمًّۭى
22,34,مَنسَكًۭا
22,34,إِلَـٰهٌۭ
22,34,وَٰحِدٌۭ
22,36,خَيْرٌۭ
22,40,وَبِيَعٌۭ
22,40,وَصَلَوَٰتٌۭ
22,40,كَثِيرًۭا
22,42,وَعَادٌۭ
22,45,ظَالِمَةٌۭ
22,46,قُلُوبٌۭ
22,46,ءَاذَانٌۭ
22,48,ظَالِمَةٌۭ
22,49,نَذِيرٌۭ
22,49,مُّبِينٌۭ
22,50,مَّغْفِرَةٌۭ
22,50,وَرِزْقٌۭ
22,50,كَرِيمٌۭ
22,52,حَكِيمٌۭ
22,53,فِتْنَةًۭ
22,53,مَّرَضٌۭ
22,53,شِقَاقٍۭ
22,57,عَذَابٌۭ
22,57,مُّهِينٌۭ
22,58,حَسَنًۭا
22,59,مُّدْخَلًۭا
22,59,حَلِيمٌۭ
22,60,غَفُورٌۭ
22,61,بَصِيرٌۭ
22,63,مَآءًۭ
22,63,خَبِيرٌۭ
22,65,لَرَءُوفٌۭ
22,65,رَّحِيمٌۭ
22,66,لَكَفُورٌۭ
22,67,هُدًۭى
22,70,يَسِيرٌۭ
22,71,سُلْطَـٰنًۭا
22,71,عِلْمٌۭ
22,73,مَثَلٌۭ
22,73,ذُبَابًۭا
22,73,شَيْـًۭٔا
22,75,رُسُلًۭا
22,75,بَصِيرٌۭ
23,13,نُطْفَةًۭ
23,14,عَلَقَةًۭ
23,14,مُضْغَةًۭ
23,14,عِظَـٰمًۭا
23,14,لَحْمًۭا
23,18,ذَهَابٍۭ
23,19,كَثِيرَةٌۭ
23,20,وَشَجَرَةًۭ
23,21,لَعِبْرَةًۭ
23,21,كَثِيرَةٌۭ
23,24,بَشَرٌۭ
23,24,مَلَـٰٓئِكَةًۭ
23,25,جِنَّةٌۭ
23,29,مُنزَلًۭا
23,29,مُّبَارَكًۭا
23,32,رَسُولًۭا
23,33,بَشَرٌۭ
23,34,بَشَرًۭا
23,34,إِذًۭا
23,35,تُرَابًۭا
23,38,كَذِبًۭا
23,41,غُثَآءًۭ
23,41,فَبُعْدًۭا
23,44,أُمَّةًۭ
23,44,بَعْضًۭا
23,44,فَبُعْدًۭا
23,50,ءَايَةًۭ
23,51,عَلِيمٌۭ
23,52,أُمَّةًۭ
23,52,وَٰحِدَةًۭ
23,53,زُبُرًۭا
23,53,حِزْبٍۭ
23,62,كِتَـٰبٌۭ
23,63,أَعْمَـٰلٌۭ
23,67,سَـٰمِرًۭا
23,72,خَرْجًۭا
23,72,خَيْرٌۭ
23,77,بَابًۭا
23,78,قَلِيلًۭا
23,82,تُرَابًۭا
23,91,إِذًۭا
23,91,إِلَـٰهٍۭ
23,100,صَـٰلِحًۭا
23,106,قَوْمًۭا
23,109,فَرِيقٌۭ
23,114,قَلِيلًۭا
23,115,عَبَثًۭا
24,1,ءَايَـٰتٍۭ
24,2,رَأْفَةٌۭ
24,2,طَآئِفَةٌۭ
24,3,مُشْرِكَةًۭ
24,3,مُشْرِكٌۭ
24,4,جَلْدَةًۭ
24,4,أَبَدًۭا
24,5,غَفُورٌۭ
24,5,رَّحِيمٌۭ
24,6,شَهَـٰدَٰتٍۭ
24,8,شَهَـٰدَٰتٍۭ
24,11,عُصْبَةٌۭ
24,11,شَرًّۭا
24,11,خَيْرٌۭ
24,11,عَظِيمٌۭ
24,12,خَيْرًۭا
24,12,إِفْكٌۭ
24,12,مُّبِينٌۭ
24,15,عِلْمٌۭ
24,15,هَيِّنًۭا
24,15,عَظِيمٌۭ
24,16,عَظِيمٌۭ
24,19,أَلِيمٌۭ
24,20,رَءُوفٌۭ
24,20,رَّحِيمٌۭ
24,21,أَبَدًۭا
24,21,عَلِيمٌۭ
24,22,غَفُورٌۭ
24,23,عَظِيمٌۭ
24,26,مَّغْفِرَةٌۭ
24,26,وَرِزْقٌۭ
24,26,كَرِيمٌۭ
24,27,خَيْرٌۭ
24,28,أَحَدًۭا
24,28,عَلِيمٌۭ
24,29,مَتَـٰعٌۭ
24,32,عَلِيمٌۭ
24,33,خَيْرًۭا
24,33,تَحَصُّنًۭا
24,33,غَفُورٌۭ
24,33,رَّحِيمٌۭ
24,34,وَمَثَلًۭا
24,34,وَمَوْعِظَةًۭ
24,35,كَوْكَبٌۭ
24,35,دُرِّىٌّۭ
24,35,نَارٌۭ
24,35,عَلِيمٌۭ
24,37,رِجَالٌۭ
24,37,تِجَـٰرَةٌۭ
24,37,يَوْمًۭا
24,39,كَسَرَابٍۭ
24,39,شَيْـًۭٔا
24,40,مَوْجٌۭ
24,40,مَوْجٌۭ
24,40,سَحَابٌۭ
24,40,نُورًۭا
24,41,كُلٌّۭ
24,43,سَحَابًۭا
24,43,رُكَامًۭا
24,44,لَعِبْرَةًۭ
24,45,قَدِيرٌۭ
24,47,فَرِيقٌۭ
24,48,فَرِيقٌۭ
24,53,طَاعَةٌۭ
24,55,أَمْنًۭا
24,55,شَيْـًۭٔا
24,58,حَكِيمٌۭ
24,59,حَكِيمٌۭ
24,60,نِكَاحًۭا
24,60,مُتَبَرِّجَـٰتٍۭ
24,60,خَيْرٌۭ
24,60,عَلِيمٌۭ
24,61,حَرَجٌۭ
24,61,حَرَجٌۭ
24,61,حَرَجٌۭ
24,61,أَشْتَاتًۭا
24,61,بُيُوتًۭا
24,61,تَحِيَّةًۭ
24,61,مُبَـٰرَكَةًۭ
24,61,طَيِّبَةًۭ
24,62,غَفُورٌۭ
24,62,رَّحِيمٌۭ
24,63,بَعْضًۭا
24,63,لِوَاذًۭا
25,2,وَلَدًۭا
25,2,شَرِيكٌۭ
25,2,تَقْدِيرًۭا
25,3,ءَالِهَةًۭ
25,3,شَيْـًۭٔا
25,3,ضَرًّۭا
25,3,نَفْعًۭا
25,3,مَوْتًۭا
25,3,حَيَوٰةًۭ
25,3,نُشُورًۭا
25,4,ظُلْمًۭا
25,4,وَزُورًۭا
25,5,بُكْرَةًۭ
25,5,وَأَصِيلًۭا
25,6,غَفُورًۭا
25,6,رَّحِيمًۭا
25,7,مَلَكٌۭ
25,8,جَنَّةٌۭ
25,8,رَجُلًۭا
25,9,سَبِيلًۭا
25,10,خَيْرًۭا
25,12,مَّكَانٍۭ
25,12,تَغَيُّظًۭا
25,12,وَزَفِيرًۭا
25,13,مَكَانًۭا
25,13,ضَيِّقًۭا
25,13,ثُبُورًۭا
25,14,ثُبُورًۭا
25,14,وَٰحِدًۭا
25,14,ثُبُورًۭا
25,14,كَثِيرًۭا
25,15,جَزَآءًۭ
25,15,وَمَصِيرًۭا
25,16,وَعْدًۭا
25,16,مَّسْـُٔولًۭا
25,18,بُورًۭا
25,19,صَرْفًۭا
25,19,نَصْرًۭا
25,19,عَذَابًۭا
25,19,كَبِيرًۭا
25,20,بَصِيرًۭا
25,21,عُتُوًّۭا
25,21,كَبِيرًۭا
25,22,حِجْرًۭا
25,22,مَّحْجُورًۭا
25,23,هَبَآءًۭ
25,24,خَيْرٌۭ
25,24,مُّسْتَقَرًّۭا
25,24,مَقِيلًۭا
25,26,عَسِيرًۭا
25,27,سَبِيلًۭا
25,28,خَلِيلًۭا
25,29,خَذُولًۭا
25,30,مَهْجُورًۭا
25,31,عَدُوًّۭا
25,31,هَادِيًۭا
25,31,وَنَصِيرًۭا
25,32,جُمْلَةًۭ
25,32,وَٰحِدَةًۭ
25,32,تَرْتِيلًۭا
25,34,شَرٌّۭ
25,34,مَّكَانًۭا
25,34,سَبِيلًۭا
25,35,وَزِيرًۭا
25,36,تَدْمِيرًۭا
25,37,ءَايَةًۭ
25,37,أَلِيمًۭا
25,38,وَعَادًۭا
25,38,كَثِيرًۭا
25,39,وَكُلًّۭا
25,39,وَكُلًّۭا
25,39,تَتْبِيرًۭا
25,40,نُشُورًۭا
25,45,سَاكِنًۭا
25,45,دَلِيلًۭا
25,46,قَبْضًۭا
25,46,يَسِيرًۭا
25,47,لِبَاسًۭا
25,47,سُبَاتًۭا
25,47,نُشُورًۭا
25,48,مَآءًۭ
25,48,طَهُورًۭا
25,49,بَلْدَةًۭ
25,49,مَّيْتًۭا
25,49,أَنْعَـٰمًۭا
25,49,كَثِيرًۭا
25,50,كُفُورًۭا
25,51,نَّذِيرًۭا
25,52,جِهَادًۭا
25,52,كَبِيرًۭا
25,53,عَذْبٌۭ
25,53,فُرَاتٌۭ
25,53,أُجَاجٌۭ
25,53,بَرْزَخًۭا
25,53,وَحِجْرًۭا
25,53,مَّحْجُورًۭا
25,54,بَشَرًۭا
25,54,نَسَبًۭا
25,54,وَصِهْرًۭا
25,54,قَدِيرًۭا
25,55,ظَهِيرًۭا
25,56,مُبَشِّرًۭا
25,56,وَنَذِيرًۭا
25,57,سَبِيلًۭا
25,59,خَبِيرًۭا
25,60,نُفُورًۭا
25,61,بُرُوجًۭا
25,61,سِرَٰجًۭا
25,61,وَقَمَرًۭا
25,61,مُّنِيرًۭا
25,62,خِلْفَةًۭ
25,62,شُكُورًۭا
25,63,هَوْنًۭا
25,63,سَلَـٰمًۭا
25,64,سُجَّدًۭا
25,64,وَقِيَـٰمًۭا
25,66,مُسْتَقَرًّۭا
25,66,وَمُقَامًۭا
25,67,قَوَامًۭا
25,68,أَثَامًۭا
25,70,عَمَلًۭا
25,70,صَـٰلِحًۭا
25,70,غَفُورًۭا
25,70,رَّحِيمًۭا
25,71,صَـٰلِحًۭا
25,71,مَتَابًۭا
25,72,كِرَامًۭا
25,73,صُمًّۭا
25,73,وَعُمْيَانًۭا
25,75,تَحِيَّةًۭ
25,76,مُسْتَقَرًّۭا
25,76,وَمُقَامًۭا
26,3,بَـٰخِعٌۭ
26,4,ءَايَةًۭ
26,8,لَـَٔايَةًۭ
26,14,ذَنۢبٌۭ
26,18,وَلِيدًۭا
26,20,إِذًۭا
26,21,حُكْمًۭا
26,22,نِعْمَةٌۭ
26,27,لَمَجْنُونٌۭ
26,32,ثُعْبَانٌۭ
26,32,مُّبِينٌۭ
26,34,عَلِيمٌۭ
26,42,إِذًۭا
26,54,لَشِرْذِمَةٌۭ
26,67,لَـَٔايَةًۭ
26,71,أَصْنَامًۭا
26,77,عَدُوٌّۭ
26,83,حُكْمًۭا
26,88,مَالٌۭ
26,102,كَرَّةًۭ
26,103,لَـَٔايَةًۭ
26,107,أَمِينٌۭ
26,115,نَذِيرٌۭ
26,115,مُّبِينٌۭ
26,118,فَتْحًۭا
26,121,لَـَٔايَةًۭ
26,125,أَمِينٌۭ
26,128,ءَايَةًۭ
26,139,لَـَٔايَةًۭ
26,143,أَمِينٌۭ
26,148,هَضِيمٌۭ
26,149,بُيُوتًۭا
26,154,بَشَرٌۭ
26,155,نَاقَةٌۭ
26,155,شِرْبٌۭ
26,158,لَـَٔايَةًۭ
26,162,أَمِينٌۭ
26,171,عَجُوزًۭا
26,173,مَّطَرًۭا
26,174,لَـَٔايَةًۭ
26,178,أَمِينٌۭ
26,186,بَشَرٌۭ
26,187,كِسَفًۭا
26,190,لَـَٔايَةًۭ
26,202,بَغْتَةًۭ
26,216,بَرِىٓءٌۭ
26,227,كَثِيرًۭا
27,2,هُدًۭى
27,7,نَارًۭا
27,10,جَآنٌّۭ
27,10,مُدْبِرًۭا
27,11,غَفُورٌۭ
27,11,رَّحِيمٌۭ
27,12,قَوْمًۭا
27,13,مُبْصِرَةًۭ
27,13,سِحْرٌۭ
27,13,مُّبِينٌۭ
27,14,ظُلْمًۭا
27,14,وَعُلُوًّۭا
27,15,عِلْمًۭا
27,18,نَمْلَةٌۭ
27,19,ضَاحِكًۭا
27,19,صَـٰلِحًۭا
27,21,عَذَابًۭا
27,22,سَبَإٍۭ
27,23,ٱمْرَأَةًۭ
27,23,عَظِيمٌۭ
27,29,كِتَـٰبٌۭ
27,34,أَذِلَّةًۭ
27,36,خَيْرٌۭ
27,37,أَذِلَّةًۭ
27,39,عِفْرِيتٌۭ
27,39,أَمِينٌۭ
27,40,عِلْمٌۭ
27,40,غَنِىٌّۭ
27,40,كَرِيمٌۭ
27,44,لُجَّةًۭ
27,44,صَرْحٌۭ
27,44,مُّمَرَّدٌۭ
27,47,قَوْمٌۭ
27,50,مَكْرًۭا
27,50,مَكْرًۭا
27,52,لَـَٔايَةًۭ
27,55,شَهْوَةًۭ
27,55,قَوْمٌۭ
27,56,أُنَاسٌۭ
27,58,مَّطَرًۭا
27,60,مَآءًۭ
27,60,أَءِلَـٰهٌۭ
27,60,قَوْمٌۭ
27,61,قَرَارًۭا
27,61,أَنْهَـٰرًۭا
27,61,أَءِلَـٰهٌۭ
27,62,أَءِلَـٰهٌۭ
27,62,قَلِيلًۭا
27,63,أَءِلَـٰهٌۭ
27,64,أَءِلَـٰهٌۭ
27,67,تُرَٰبًۭا
27,77,لَهُدًۭى
27,77,وَرَحْمَةٌۭ
27,82,دَآبَّةًۭ
27,83,فَوْجًۭا
27,88,جَامِدَةًۭ
27,89,خَيْرٌۭ
28,4,شِيَعًۭا
28,4,طَآئِفَةًۭ
28,5,أَئِمَّةًۭ
28,8,عَدُوًّۭا
28,9,وَلَدًۭا
28,13,حَقٌّۭ
28,14,حُكْمًۭا
28,14,وَعِلْمًۭا
28,15,عَدُوٌّۭ
28,15,مُّضِلٌّۭ
28,15,مُّبِينٌۭ
28,17,ظَهِيرًۭا
28,18,خَآئِفًۭا
28,18,لَغَوِىٌّۭ
28,18,مُّبِينٌۭ
28,19,عَدُوٌّۭ
28,19,جَبَّارًۭا
28,20,رَجُلٌۭ
28,21,خَآئِفًۭا
28,23,أُمَّةًۭ
28,23,شَيْخٌۭ
28,23,كَبِيرٌۭ
28,24,فَقِيرٌۭ
28,27,عَشْرًۭا
28,28,وَكِيلٌۭ
28,29,نَارًۭا
28,29,نَارًۭا
28,31,جَآنٌّۭ
28,31,مُدْبِرًۭا
28,32,قَوْمًۭا
28,33,نَفْسًۭا
28,34,لِسَانًۭا
28,34,رِدْءًۭا
28,35,سُلْطَـٰنًۭا
28,36,سِحْرٌۭ
28,36,مُّفْتَرًۭى
28,38,صَرْحًۭا
28,41,أَئِمَّةًۭ
28,42,لَعْنَةًۭ
28,43,وَهُدًۭى
28,43,وَرَحْمَةًۭ
28,45,قُرُونًۭا
28,45,ثَاوِيًۭا
28,46,رَّحْمَةًۭ
28,46,قَوْمًۭا
28,47,رَسُولًۭا
28,50,هُدًۭى
28,57,ءَامِنًۭا
28,57,رِّزْقًۭا
28,58,قَرْيَةٍۭ
28,58,قَلِيلًۭا
28,59,رَسُولًۭا
28,60,خَيْرٌۭ
28,61,حَسَنًۭا
28,67,صَـٰلِحًۭا
28,75,شَهِيدًۭا
28,78,قُوَّةًۭ
28,78,جَمْعًۭا
28,80,خَيْرٌۭ
28,80,صَـٰلِحًۭا
28,83,عُلُوًّۭا
28,83,فَسَادًۭا
28,84,خَيْرٌۭ
28,86,رَحْمَةًۭ
28,86,ظَهِيرًۭا
29,8,حُسْنًۭا
29,8,عِلْمٌۭ
29,10,نَصْرٌۭ
29,13,وَأَثْقَالًۭا
29,14,عَامًۭا
29,15,ءَايَةًۭ
29,16,خَيْرٌۭ
29,17,أَوْثَـٰنًۭا
29,17,رِزْقًۭا
29,18,أُمَمٌۭ
29,19,يَسِيرٌۭ
29,20,قَدِيرٌۭ
29,23,أَلِيمٌۭ
29,25,أَوْثَـٰنًۭا
29,25,بَعْضًۭا
29,26,لُوطٌۭ
29,32,لُوطًۭا
29,33,لُوطًۭا
29,33,ذَرْعًۭا
29,34,رِجْزًۭا
29,35,بَيِّنَةًۭ
29,36,شُعَيْبًۭا
29,38,وَعَادًۭا
29,40,حَاصِبًۭا
29,41,بَيْتًۭا
29,44,لَـَٔايَةًۭ
29,46,وَٰحِدٌۭ
29,48,إِذًۭا
29,49,بَيِّنَـٰتٌۭ
29,50,ءَايَـٰتٌۭ
29,50,نَذِيرٌۭ
29,51,لَرَحْمَةًۭ
29,52,شَهِيدًۭا
29,53,أَجَلٌۭ
29,53,مُّسَمًّۭى
29,53,بَغْتَةًۭ
29,56,وَٰسِعَةٌۭ
29,58,غُرَفًۭا
29,62,عَلِيمٌۭ
29,63,مَآءًۭ
29,64,لَهْوٌۭ
29,64,وَلَعِبٌۭ
29,67,ءَامِنًۭا
29,68,مَثْوًۭى
30,7,ظَـٰهِرًۭا
30,8,مُّسَمًّۭى
30,8,كَثِيرًۭا
30,9,قُوَّةًۭ
30,18,وَعَشِيًّۭا
30,20,بَشَرٌۭ
30,21,أَزْوَٰجًۭا
30,21,مَّوَدَّةًۭ
30,24,خَوْفًۭا
30,24,وَطَمَعًۭا
30,24,مَآءًۭ
30,25,دَعْوَةًۭ
30,26,كُلٌّۭ
30,28,مَّثَلًۭا
30,28,سَوَآءٌۭ
30,30,حَنِيفًۭا
30,32,شِيَعًۭا
30,32,حِزْبٍۭ
30,33,ضُرٌّۭ
30,33,فَرِيقٌۭ
30,35,سُلْطَـٰنًۭا
30,36,رَحْمَةًۭ
30,38,خَيْرٌۭ
30,39,رِّبًۭا
30,43,يَوْمٌۭ
30,44,صَـٰلِحًۭا
30,48,سَحَابًۭا
30,48,كِسَفًۭا
30,50,قَدِيرٌۭ
30,51,رِيحًۭا
30,51,مُصْفَرًّۭا
30,54,قُوَّةًۭ
30,54,ضَعْفًۭا
30,54,وَشَيْبَةًۭ
30,60,حَقٌّۭ
31,3,هُدًۭى
31,3,وَرَحْمَةًۭ
31,5,هُدًۭى
31,6,عَذَابٌۭ
31,6,مُّهِينٌۭ
31,7,مُسْتَكْبِرًۭا
31,7,وَقْرًۭا
31,9,حَقًّۭا
31,10,مَآءًۭ
31,12,حَمِيدٌۭ
31,13,عَظِيمٌۭ
31,15,عِلْمٌۭ
31,15,مَعْرُوفًۭا
31,16,خَبِيرٌۭ
31,20,ظَـٰهِرَةًۭ
31,20,وَبَاطِنَةًۭ
31,20,هُدًۭى
31,22,مُحْسِنٌۭ
31,24,قَلِيلًۭا
31,27,أَقْلَـٰمٌۭ
31,27,حَكِيمٌۭ
31,29,كُلٌّۭ
31,29,مُّسَمًّۭى
31,29,خَبِيرٌۭ
31,32,مَّوْجٌۭ
31,32,مُّقْتَصِدٌۭ
31,33,يَوْمًۭا
31,33,حَقٌّۭ
31,34,نَفْسٌۭ
31,34,غَدًۭا
32,3,قَوْمًۭا
32,9,قَلِيلًۭا
32,10,جَدِيدٍۭ
32,15,سُجَّدًۭا
32,16,خَوْفًۭا
32,16,وَطَمَعًۭا
32,17,نَفْسٌۭ
32,18,مُؤْمِنًۭا
32,18,فَاسِقًۭا
32,23,هُدًۭى
32,24,أَئِمَّةًۭ
32,27,زَرْعًۭا
33,1,حَكِيمًۭا
33,2,خَبِيرًۭا
33,3,وَكِيلًۭا
33,5,جُنَاحٌۭ
33,5,غَفُورًۭا
33,6,مَّعْرُوفًۭا
33,6,مَسْطُورًۭا
33,7,غَلِيظًۭا
33,8,أَلِيمًۭا
33,9,جُنُودٌۭ
33,9,رِيحًۭا
33,9,وَجُنُودًۭا
33,11,زِلْزَالًۭا
33,11,شَدِيدًۭا
33,12,مَّرَضٌۭ
33,12,غُرُورًۭا
33,13,طَّآئِفَةٌۭ
33,13,فَرِيقٌۭ
33,13,عَوْرَةٌۭ
33,13,فِرَارًۭا
33,14,يَسِيرًۭا
33,15,مَسْـُٔولًۭا
33,16,وَإِذًۭا
33,16,قَلِيلًۭا
33,17,رَحْمَةًۭ
33,17,وَلِيًّۭا
33,17,نَصِيرًۭا
33,19,يَسِيرًۭا
33,20,قَلِيلًۭا
33,21,حَسَنَةٌۭ
33,21,كَثِيرًۭا
33,22,إِيمَـٰنًۭا
33,22,وَتَسْلِيمًۭا
33,23,رِجَالٌۭ
33,23,تَبْدِيلًۭا
33,24,غَفُورًۭا
33,24,رَّحِيمًۭا
33,25,خَيْرًۭا
33,25,عَزِيزًۭا
33,26,فَرِيقًۭا
33,26,فَرِيقًۭا
33,27,وَأَرْضًۭا
33,27,قَدِيرًۭا
33,28,سَرَاحًۭا
33,28,جَمِيلًۭا
33,29,عَظِيمًۭا
33,30,يَسِيرًۭا
33,31,صَـٰلِحًۭا
33,31,رِزْقًۭا
33,31,كَرِيمًۭا
33,32,مَرَضٌۭ
33,32,قَوْلًۭا
33,32,مَّعْرُوفًۭا
33,33,تَطْهِيرًۭا
33,35,كَثِيرًۭا
33,35,مَّغْفِرَةًۭ
33,35,عَظِيمًۭا
33,36,ضَلَـٰلًۭا
33,36,مُّبِينًۭا
33,37,زَيْدٌۭ
33,37,وَطَرًۭا
33,37,حَرَجٌۭ
33,37,وَطَرًۭا
33,37,مَفْعُولًۭا
33,38,قَدَرًۭا
33,39,حَسِيبًۭا
33,40,عَلِيمًۭا
33,41,ذِكْرًۭا
33,41,كَثِيرًۭا
33,42,بُكْرَةًۭ
33,43,رَحِيمًۭا
33,44,سَلَـٰمٌۭ
33,44,أَجْرًۭا
33,44,كَرِيمًۭا
33,45,شَـٰهِدًۭا
33,45,وَمُبَشِّرًۭا
33,45,وَنَذِيرًۭا
33,46,وَسِرَاجًۭا
33,46,مُّنِيرًۭا
33,47,فَضْلًۭا
33,47,كَبِيرًۭا
33,48,وَكِيلًۭا
33,49,سَرَاحًۭا
33,49,جَمِيلًۭا
33,50,وَٱمْرَأَةًۭ
33,50,خَالِصَةًۭ
33,50,حَرَجٌۭ
33,50,غَفُورًۭا
33,50,رَّحِيمًۭا
33,51,حَلِيمًۭا
33,52,رَّقِيبًۭا
33,53,مَتَـٰعًۭا
33,54,عَلِيمًۭا
33,57,عَذَابًۭا
33,57,مُّهِينًۭا
33,58,بُهْتَـٰنًۭا
33,58,وَإِثْمًۭا
33,58,مُّبِينًۭا
33,59,غَفُورًۭا
33,59,رَّحِيمًۭا
33,60,مَّرَضٌۭ
33,60,قَلِيلًۭا
33,61,تَقْتِيلًۭا
33,62,تَبْدِيلًۭا
33,65,أَبَدًۭا
33,65,وَلِيًّۭا
33,65,نَصِيرًۭا
33,68,لَعْنًۭا
33,68,كَبِيرًۭا
33,69,وَجِيهًۭا
33,70,قَوْلًۭا
33,70,سَدِيدًۭا
33,72,ظَلُومًۭا
33,72,جَهُولًۭا
33,73,غَفُورًۭا
34,4,مَّغْفِرَةٌۭ
34,4,وَرِزْقٌۭ
34,4,كَرِيمٌۭ
34,5,عَذَابٌۭ
34,5,أَلِيمٌۭ
34,9,كِسَفًۭا
34,9,لَـَٔايَةًۭ
34,10,فَضْلًۭا
34,11,بَصِيرٌۭ
34,12,شَهْرٌۭ
34,12,شَهْرٌۭ
34,13,شُكْرًۭا
34,13,وَقَلِيلٌۭ
34,15,ءَايَةٌۭ
34,15,بَلْدَةٌۭ
34,15,طَيِّبَةٌۭ
34,15,غَفُورٌۭ
34,18,قُرًۭى
34,18,ظَـٰهِرَةًۭ
34,20,فَرِيقًۭا
34,21,حَفِيظٌۭ
34,28,كَآفَّةًۭ
34,28,بَشِيرًۭا
34,28,وَنَذِيرًۭا
34,30,سَاعَةًۭ
34,33,أَندَادًۭا
34,35,أَمْوَٰلًۭا
34,35,وَأَوْلَـٰدًۭا
34,37,صَـٰلِحًۭا
34,40,جَمِيعًۭا
34,42,نَّفْعًۭا
34,42,ضَرًّۭا
34,43,رَجُلٌۭ
34,43,إِفْكٌۭ
34,43,مُّفْتَرًۭى
34,43,سِحْرٌۭ
34,43,مُّبِينٌۭ
34,46,نَذِيرٌۭ
34,47,شَهِيدٌۭ
34,50,سَمِيعٌۭ
34,50,قَرِيبٌۭ
34,52,مَّكَانٍۭ
34,53,مَّكَانٍۭ
34,54,مُّرِيبٍۭ
35,1,قَدِيرٌۭ
35,4,رُسُلٌۭ
35,5,حَقٌّۭ
35,6,عَدُوٌّۭ
35,7,عَذَابٌۭ
35,7,شَدِيدٌۭ
35,7,مَّغْفِرَةٌۭ
35,7,وَأَجْرٌۭ
35,8,حَسَنًۭا
35,9,سَحَابًۭا
35,10,عَذَابٌۭ
35,10,شَدِيدٌۭ
35,11,أَزْوَٰجًۭا
35,11,يَسِيرٌۭ
35,12,عَذْبٌۭ
35,12,فُرَاتٌۭ
35,12,سَآئِغٌۭ
35,12,أُجَاجٌۭ
35,12,لَحْمًۭا
35,12,طَرِيًّۭا
35,12,حِلْيَةًۭ
35,13,كُلٌّۭ
35,13,مُّسَمًّۭى
35,18,وَازِرَةٌۭ
35,18,شَىْءٌۭ
35,24,بَشِيرًۭا
35,24,وَنَذِيرًۭا
35,24,نَذِيرٌۭ
35,27,مَآءًۭ
35,27,بِيضٌۭ
35,27,وَحُمْرٌۭ
35,27,سُودٌۭ
35,29,سِرًّۭا
35,29,وَعَلَانِيَةًۭ
35,29,تِجَـٰرَةًۭ
35,30,غَفُورٌۭ
35,30,شَكُورٌۭ
35,31,مُصَدِّقًۭا
35,31,بَصِيرٌۭ
35,32,ظَالِمٌۭ
35,32,مُّقْتَصِدٌۭ
35,33,وَلُؤْلُؤًۭا
35,33,حَرِيرٌۭ
35,34,لَغَفُورٌۭ
35,35,نَصَبٌۭ
35,35,لُغُوبٌۭ
35,39,مَقْتًۭا
35,39,خَسَارًۭا
35,40,شِرْكٌۭ
35,40,كِتَـٰبًۭا
35,41,غَفُورًۭا
35,42,نَذِيرٌۭ
35,42,نَذِيرٌۭ
35,43,ٱسْتِكْبَارًۭا
35,43,تَبْدِيلًۭا
35,44,قُوَّةًۭ
35,44,عَلِيمًۭا
35,44,قَدِيرًۭا
35,45,مُّسَمًّۭى
36,6,قَوْمًۭا
36,8,أَغْلَـٰلًۭا
36,9,سَدًّۭا
36,9,سَدًّۭا
36,15,بَشَرٌۭ
36,18,أَلِيمٌۭ
36,19,قَوْمٌۭ
36,20,رَجُلٌۭ
36,21,أَجْرًۭا
36,23,شَيْـًۭٔا
36,24,إِذًۭا
36,29,صَيْحَةًۭ
36,29,وَٰحِدَةًۭ
36,32,كُلٌّۭ
36,32,جَمِيعٌۭ
36,33,وَءَايَةٌۭ
36,33,حَبًّۭا
36,37,وَءَايَةٌۭ
36,40,وَكُلٌّۭ
36,41,وَءَايَةٌۭ
36,44,رَحْمَةًۭ
36,49,صَيْحَةًۭ
36,49,وَٰحِدَةًۭ
36,50,تَوْصِيَةًۭ
36,53,صَيْحَةًۭ
36,53,وَٰحِدَةًۭ
36,53,جَمِيعٌۭ
36,54,نَفْسٌۭ
36,54,شَيْـًۭٔا
36,57,فَـٰكِهَةٌۭ
36,58,سَلَـٰمٌۭ
36,58,قَوْلًۭا
36,60,عَدُوٌّۭ
36,60,مُّبِينٌۭ
36,61,صِرَٰطٌۭ
36,61,مُّسْتَقِيمٌۭ
36,62,جِبِلًّۭا
36,67,مُضِيًّۭا
36,69,ذِكْرٌۭ
36,69,وَقُرْءَانٌۭ
36,69,مُّبِينٌۭ
36,70,حَيًّۭا
36,71,أَنْعَـٰمًۭا
36,74,ءَالِهَةًۭ
36,75,جُندٌۭ
36,77,خَصِيمٌۭ
36,77,مُّبِينٌۭ
36,78,مَثَلًۭا
36,78,رَمِيمٌۭ
36,80,نَارًۭا
37,1,صَفًّۭا
37,2,زَجْرًۭا
37,4,لَوَٰحِدٌۭ
37,7,وَحِفْظًۭا
37,9,دُحُورًۭا
37,9,عَذَابٌۭ
37,10,شِهَابٌۭ
37,10,ثَاقِبٌۭ
37,11,لَّازِبٍۭ
37,14,ءَايَةًۭ
37,15,سِحْرٌۭ
37,16,تُرَابًۭا
37,19,زَجْرَةٌۭ
37,19,وَٰحِدَةٌۭ
37,30,سُلْطَـٰنٍۭ
37,30,قَوْمًۭا
37,36,مَّجْنُونٍۭ
37,41,رِزْقٌۭ
37,41,مَّعْلُومٌۭ
37,45,مَّعِينٍۭ
37,47,غَوْلٌۭ
37,48,عِينٌۭ
37,49,بَيْضٌۭ
37,49,مَّكْنُونٌۭ
37,51,قَآئِلٌۭ
37,51,قَرِينٌۭ
37,53,تُرَابًۭا
37,62,خَيْرٌۭ
37,63,فِتْنَةًۭ
37,64,شَجَرَةٌۭ
37,67,لَشَوْبًۭا
37,75,نُوحٌۭ
37,86,ءَالِهَةًۭ
37,88,نَظْرَةًۭ
37,89,سَقِيمٌۭ
37,97,بُنْيَـٰنًۭا
37,98,كَيْدًۭا
37,112,نَبِيًّۭا
37,113,مُحْسِنٌۭ
37,113,وَظَالِمٌۭ
37,113,مُبِينٌۭ
37,125,بَعْلًۭا
37,133,لُوطًۭا
37,135,عَجُوزًۭا
37,142,مُلِيمٌۭ
37,145,سَقِيمٌۭ
37,146,شَجَرَةًۭ
37,150,إِنَـٰثًۭا
37,156,سُلْطَـٰنٌۭ
37,156,مُّبِينٌۭ
37,158,نَسَبًۭا
37,164,مَقَامٌۭ
37,164,مَّعْلُومٌۭ
37,168,ذِكْرًۭا
38,4,مُّنذِرٌۭ
38,4,سَـٰحِرٌۭ
38,5,إِلَـٰهًۭا
38,5,عُجَابٌۭ
38,6,لَشَىْءٌۭ
38,11,جُندٌۭ
38,11,مَهْزُومٌۭ
38,12,وَعَادٌۭ
38,15,صَيْحَةًۭ
38,15,وَٰحِدَةًۭ
38,19,مَحْشُورَةًۭ
38,19,كُلٌّۭ
38,19,أَوَّابٌۭ
38,23,تِسْعٌۭ
38,23,نَعْجَةًۭ
38,23,نَعْجَةٌۭ
38,23,وَٰحِدَةٌۭ
38,24,كَثِيرًۭا
38,24,وَقَلِيلٌۭ
38,24,رَاكِعًۭا
38,26,خَلِيفَةًۭ
38,26,عَذَابٌۭ
38,27,بَـٰطِلًۭا
38,27,فَوَيْلٌۭ
38,29,مُبَـٰرَكٌۭ
38,34,جَسَدًۭا
38,35,مُلْكًۭا
38,42,بَارِدٌۭ
38,42,وَشَرَابٌۭ
38,43,رَحْمَةًۭ
38,44,ضِغْثًۭا
38,44,صَابِرًۭا
38,44,أَوَّابٌۭ
38,48,وَكُلٌّۭ
38,49,ذِكْرٌۭ
38,50,مُّفَتَّحَةًۭ
38,57,حَمِيمٌۭ
38,57,وَغَسَّاقٌۭ
38,59,فَوْجٌۭ
38,59,مُّقْتَحِمٌۭ
38,61,عَذَابًۭا
38,61,ضِعْفًۭا
38,62,رِجَالًۭا
38,64,لَحَقٌّۭ
38,65,مُنذِرٌۭ
38,69,عِلْمٍۭ
38,70,نَذِيرٌۭ
38,71,بَشَرًۭا
38,76,خَيْرٌۭ
38,77,رَجِيمٌۭ
38,87,ذِكْرٌۭ
38,88,حِينٍۭ
39,2,مُخْلِصًۭا
39,3,كَـٰذِبٌۭ
39,3,كَفَّارٌۭ
39,4,وَلَدًۭا
39,5,كُلٌّۭ
39,6,خَلْقًۭا
39,7,وَازِرَةٌۭ
39,8,ضُرٌّۭ
39,8,نِعْمَةًۭ
39,8,أَندَادًۭا
39,9,سَاجِدًۭا
39,9,وَقَآئِمًۭا
39,10,حَسَنَةٌۭ
39,11,مُخْلِصًۭا
39,14,مُخْلِصًۭا
39,16,ظُلَلٌۭ
39,16,ظُلَلٌۭ
39,20,غُرَفٌۭ
39,20,غُرَفٌۭ
39,20,مَّبْنِيَّةٌۭ
39,21,مَآءًۭ
39,21,زَرْعًۭا
39,21,مُصْفَرًّۭا
39,22,فَوَيْلٌۭ
39,23,كِتَـٰبًۭا
39,23,مُّتَشَـٰبِهًۭا
39,29,مَثَلًۭا
39,29,رَّجُلًۭا
39,29,وَرَجُلًۭا
39,29,سَلَمًۭا
39,30,مَيِّتٌۭ
39,32,مَثْوًۭى
39,39,عَـٰمِلٌۭ
39,40,عَذَابٌۭ
39,40,عَذَابٌۭ
39,43,شَيْـًۭٔا
39,44,جَمِيعًۭا
39,47,جَمِيعًۭا
39,49,ضُرٌّۭ
39,49,نِعْمَةًۭ
39,49,عِلْمٍۭ
39,49,فِتْنَةٌۭ
39,55,بَغْتَةًۭ
39,56,نَفْسٌۭ
39,58,كَرَّةًۭ
39,60,مَثْوًۭى
39,62,وَكِيلٌۭ
39,67,جَمِيعًۭا
39,68,قِيَامٌۭ
39,71,رُسُلٌۭ
40,5,أُمَّةٍۭ
40,7,رَّحْمَةًۭ
40,7,وَعِلْمًۭا
40,13,رِزْقًۭا
40,16,شَىْءٌۭ
40,17,نَفْسٍۭ
40,21,قُوَّةًۭ
40,21,وَءَاثَارًۭا
40,22,قَوِىٌّۭ
40,24,سَـٰحِرٌۭ
40,24,كَذَّابٌۭ
40,28,رَجُلٌۭ
40,28,مُّؤْمِنٌۭ
40,28,كَـٰذِبًۭا
40,28,صَادِقًۭا
40,28,مُسْرِفٌۭ
40,28,كَذَّابٌۭ
40,31,ظُلْمًۭا
40,34,رَسُولًۭا
40,34,مُسْرِفٌۭ
40,36,صَرْحًۭا
40,37,كَـٰذِبًۭا
40,39,مَتَـٰعٌۭ
40,40,سَيِّئَةًۭ
40,40,صَـٰلِحًۭا
40,40,مُؤْمِنٌۭ
40,42,عِلْمٌۭ
40,43,دَعْوَةٌۭ
40,46,غُدُوًّۭا
40,46,وَعَشِيًّۭا
40,47,تَبَعًۭا
40,47,نَصِيبًۭا
40,48,كُلٌّۭ
40,49,يَوْمًۭا
40,54,هُدًۭى
40,55,حَقٌّۭ
40,56,كِبْرٌۭ
40,58,قَلِيلًۭا
40,59,لَـَٔاتِيَةٌۭ
40,64,قَرَارًۭا
40,64,بِنَآءًۭ
40,67,طِفْلًۭا
40,67,شُيُوخًۭا
40,67,أَجَلًۭا
40,67,مُّسَمًّۭى
40,68,أَمْرًۭا
40,74,شَيْـًۭٔا
40,77,حَقٌّۭ
40,78,رُسُلًۭا
40,80,حَاجَةًۭ
40,82,قُوَّةًۭ
40,82,وَءَاثَارًۭا
41,2,تَنزِيلٌۭ
41,3,كِتَـٰبٌۭ
41,3,عَرَبِيًّۭا
41,4,بَشِيرًۭا
41,4,وَنَذِيرًۭا
41,5,وَقْرٌۭ
41,5,حِجَابٌۭ
41,6,بَشَرٌۭ
41,6,إِلَـٰهٌۭ
41,6,وَٰحِدٌۭ
41,6,وَوَيْلٌۭ
41,9,أَندَادًۭا
41,10,سَوَآءًۭ
41,11,دُخَانٌۭ
41,11,كَرْهًۭا
41,12,وَحِفْظًۭا
41,13,صَـٰعِقَةًۭ
41,14,مَلَـٰٓئِكَةًۭ
41,15,عَادٌۭ
41,15,قُوَّةًۭ
41,16,رِيحًۭا
41,16,صَرْصَرًۭا
41,22,كَثِيرًۭا
41,24,مَثْوًۭى
41,27,عَذَابًۭا
41,27,شَدِيدًۭا
41,32,نُزُلًۭا
41,33,قَوْلًۭا
41,33,صَـٰلِحًۭا
41,34,عَدَٰوَةٌۭ
41,34,حَمِيمٌۭ
41,36,نَزْغٌۭ
41,39,خَـٰشِعَةًۭ
41,40,ءَامِنًۭا
41,41,عَزِيزٌۭ
41,42,تَنزِيلٌۭ
41,44,أَعْجَمِيًّۭا
41,44,ءَا۬عْجَمِىٌّۭ
41,44,وَعَرَبِىٌّۭ
41,44,هُدًۭى
41,44,وَشِفَآءٌۭ
41,44,وَقْرٌۭ
41,44,مَّكَانٍۭ
41,45,كَلِمَةٌۭ
41,46,صَـٰلِحًۭا
41,49,فَيَـُٔوسٌۭ
41,49,قَنُوطٌۭ
41,50,رَحْمَةًۭ
41,50,قَآئِمَةًۭ
41,52,شِقَاقٍۭ
42,7,عَرَبِيًّۭا
42,7,فَرِيقٌۭ
42,7,وَفَرِيقٌۭ
42,8,أُمَّةًۭ
42,8,وَٰحِدَةًۭ
42,9,قَدِيرٌۭ
42,11,أَزْوَٰجًۭا
42,11,أَزْوَٰجًۭا
42,11,شَىْءٌۭ
42,12,عَلِيمٌۭ
42,13,نُوحًۭا
42,14,كَلِمَةٌۭ
42,14,مُّسَمًّۭى
42,16,غَضَبٌۭ
42,16,عَذَابٌۭ
42,17,قَرِيبٌۭ
42,18,ضَلَـٰلٍۭ
42,21,أَلِيمٌۭ
42,23,حَسَنَةًۭ
42,23,غَفُورٌۭ
42,24,كَذِبًۭا
42,26,عَذَابٌۭ
42,26,شَدِيدٌۭ
42,27,بَصِيرٌۭ
42,29,قَدِيرٌۭ
42,36,خَيْرٌۭ
42,40,سَيِّئَةٌۭ
42,42,أَلِيمٌۭ
42,47,يَوْمٌۭ
42,48,رَحْمَةًۭ
42,48,كَفُورٌۭ
42,49,إِنَـٰثًۭا
42,50,ذُكْرَانًۭا
42,50,وَإِنَـٰثًۭا
42,50,عَلِيمٌۭ
42,50,قَدِيرٌۭ
42,51,رَسُولًۭا
42,51,حَكِيمٌۭ
42,52,رُوحًۭا
42,52,نُورًۭا
43,3,عَرَبِيًّۭا
43,5,قَوْمًۭا
43,8,بَطْشًۭا
43,10,مَهْدًۭا
43,10,سُبُلًۭا
43,11,بَلْدَةًۭ
43,11,مَّيْتًۭا
43,15,لَكَفُورٌۭ
43,17,مَثَلًۭا
43,17,مُسْوَدًّۭا
43,21,كِتَـٰبًۭا
43,26,بَرَآءٌۭ
43,28,بَاقِيَةًۭ
43,29,وَرَسُولٌۭ
43,29,مُّبِينٌۭ
43,30,سِحْرٌۭ
43,32,بَعْضًۭا
43,32,سُخْرِيًّۭا
43,32,خَيْرٌۭ
43,33,أُمَّةًۭ
43,33,وَٰحِدَةًۭ
43,33,سُقُفًۭا
43,34,أَبْوَٰبًۭا
43,35,وَزُخْرُفًۭا
43,36,شَيْطَـٰنًۭا
43,36,قَرِينٌۭ
43,44,لَذِكْرٌۭ
43,45,ءَالِهَةًۭ
43,52,خَيْرٌۭ
43,52,مَهِينٌۭ
43,53,أَسْوِرَةٌۭ
43,54,قَوْمًۭا
43,56,سَلَفًۭا
43,56,وَمَثَلًۭا
43,59,مَثَلًۭا
43,60,مَّلَـٰٓئِكَةًۭ
43,61,لَعِلْمٌۭ
43,61,صِرَٰطٌۭ
43,61,مُّسْتَقِيمٌۭ
43,62,عَدُوٌّۭ
43,62,مُّبِينٌۭ
43,64,صِرَٰطٌۭ
43,64,مُّسْتَقِيمٌۭ
43,65,فَوَيْلٌۭ
43,66,بَغْتَةًۭ
43,67,يَوْمَئِذٍۭ
43,73,فَـٰكِهَةٌۭ
43,73,كَثِيرَةٌۭ
43,79,أَمْرًۭا
43,81,وَلَدٌۭ
43,84,إِلَـٰهٌۭ
43,84,إِلَـٰهٌۭ
43,88,قَوْمٌۭ
43,89,سَلَـٰمٌۭ
44,5,أَمْرًۭا
44,6,رَحْمَةًۭ
44,11,أَلِيمٌۭ
44,13,رَسُولٌۭ
44,13,مُّبِينٌۭ
44,14,مُعَلَّمٌۭ
44,17,رَسُولٌۭ
44,18,أَمِينٌۭ
44,22,قَوْمٌۭ
44,24,جُندٌۭ
44,31,عَالِيًۭا
44,33,بَلَـٰٓؤٌۭا۟
44,41,مَّوْلًۭى
44,41,شَيْـًۭٔا
44,57,فَضْلًۭا
45,4,ءَايَـٰتٌۭ
45,5,ءَايَـٰتٌۭ
45,6,حَدِيثٍۭ
45,7,وَيْلٌۭ
45,8,مُسْتَكْبِرًۭا
45,9,عَذَابٌۭ
45,9,مُّهِينٌۭ
45,10,شَيْـًۭٔا
45,11,هُدًۭى
45,11,عَذَابٌۭ
45,13,جَمِيعًۭا
45,15,صَـٰلِحًۭا
45,19,شَيْـًۭٔا
45,20,وَهُدًۭى
45,20,وَرَحْمَةٌۭ
45,21,سَوَآءًۭ
45,22,نَفْسٍۭ
45,23,غِشَـٰوَةًۭ
45,28,جَاثِيَةًۭ
45,31,قَوْمًۭا
45,32,حَقٌّۭ
45,32,ظَنًّۭا
45,35,هُزُوًۭا
46,3,مُّسَمًّۭى
46,4,شِرْكٌۭ
46,6,أَعْدَآءًۭ
46,7,سِحْرٌۭ
46,9,بِدْعًۭا
46,9,نَذِيرٌۭ
46,9,مُّبِينٌۭ
46,10,شَاهِدٌۭ
46,11,خَيْرًۭا
46,11,إِفْكٌۭ
46,11,قَدِيمٌۭ
46,12,إِمَامًۭا
46,12,وَرَحْمَةًۭ
46,12,كِتَـٰبٌۭ
46,12,مُّصَدِّقٌۭ
46,12,عَرَبِيًّۭا
46,15,كُرْهًۭا
46,15,كُرْهًۭا
46,15,سَنَةًۭ
46,15,صَـٰلِحًۭا
46,17,حَقٌّۭ
46,19,دَرَجَـٰتٌۭ
46,23,قَوْمًۭا
46,24,عَارِضًۭا
46,24,عَارِضٌۭ
46,24,رِيحٌۭ
46,24,أَلِيمٌۭ
46,25,شَىْءٍۭ
46,26,سَمْعًۭا
46,26,وَأَبْصَـٰرًۭا
46,26,وَأَفْـِٔدَةًۭ
46,29,نَفَرًۭا
46,30,مُصَدِّقًۭا
46,33,قَدِيرٌۭ
46,35,سَاعَةًۭ
46,35,نَّهَارٍۭ
46,35,بَلَـٰغٌۭ
47,8,فَتَعْسًۭا
47,12,مَثْوًۭى
47,13,قُوَّةًۭ
47,15,أَنْهَـٰرٌۭ
47,15,وَأَنْهَـٰرٌۭ
47,15,وَأَنْهَـٰرٌۭ
47,15,وَأَنْهَـٰرٌۭ
47,15,مُّصَفًّۭى
47,15,وَمَغْفِرَةٌۭ
47,15,خَـٰلِدٌۭ
47,15,حَمِيمًۭا
47,17,هُدًۭى
47,18,بَغْتَةًۭ
47,20,سُورَةٌۭ
47,20,سُورَةٌۭ
47,20,مُّحْكَمَةٌۭ
47,20,مَّرَضٌۭ
47,21,طَاعَةٌۭ
47,21,وَقَوْلٌۭ
47,21,مَّعْرُوفٌۭ
47,21,خَيْرًۭا
47,32,شَيْـًۭٔا
47,34,كُفَّارٌۭ
47,36,لَعِبٌۭ
47,36,وَلَهْوٌۭ
48,1,فَتْحًۭا
48,1,مُّبِينًۭا
48,2,صِرَٰطًۭا
48,2,مُّسْتَقِيمًۭا
48,4,إِيمَـٰنًۭا
48,4,حَكِيمًۭا
48,5,عَظِيمًۭا
48,6,مَصِيرًۭا
48,8,شَـٰهِدًۭا
48,8,وَمُبَشِّرًۭا
48,8,وَنَذِيرًۭا
48,9,بُكْرَةًۭ
48,10,عَظِيمًۭا
48,12,أَبَدًۭا
48,12,بُورًۭا
48,13,سَعِيرًۭا
48,14,غَفُورًۭا
48,14,رَّحِيمًۭا
48,15,قَلِيلًۭا
48,16,حَسَنًۭا
48,16,أَلِيمًۭا
48,17,حَرَجٌۭ
48,17,حَرَجٌۭ
48,17,حَرَجٌۭ
48,17,أَلِيمًۭا
48,18,فَتْحًۭا
48,18,قَرِيبًۭا
48,19,كَثِيرَةًۭ
48,19,حَكِيمًۭا
48,20,كَثِيرَةًۭ
48,20,ءَايَةًۭ
48,20,صِرَٰطًۭا
48,20,مُّسْتَقِيمًۭا
48,21,قَدِيرًۭا
48,22,وَلِيًّۭا
48,22,نَصِيرًۭا
48,23,تَبْدِيلًۭا
48,25,رِجَالٌۭ
48,25,وَنِسَآءٌۭ
48,25,مُّؤْمِنَـٰتٌۭ
48,26,عَلِيمًۭا
48,27,فَتْحًۭا
48,28,شَهِيدًۭا
48,29,مُّحَمَّدٌۭ
48,29,رُكَّعًۭا
48,29,سُجَّدًۭا
48,29,فَضْلًۭا
48,29,وَرِضْوَٰنًۭا
48,29,مَّغْفِرَةًۭ
49,1,عَلِيمٌۭ
49,3,مَّغْفِرَةٌۭ
49,5,خَيْرًۭا
49,5,غَفُورٌۭ
49,5,رَّحِيمٌۭ
49,8,فَضْلًۭا
49,8,وَنِعْمَةًۭ
49,8,حَكِيمٌۭ
49,10,إِخْوَةٌۭ
49,11,قَوْمٌۭ
49,11,خَيْرًۭا
49,11,نِسَآءٌۭ
49,11,خَيْرًۭا
49,12,كَثِيرًۭا
49,12,إِثْمٌۭ
49,12,مَيْتًۭا
49,12,تَوَّابٌۭ
49,12,رَّحِيمٌۭ
49,13,شُعُوبًۭا
49,13,خَبِيرٌۭ
49,14,غَفُورٌۭ
49,16,عَلِيمٌۭ
50,2,مُّنذِرٌۭ
50,3,تُرَابًۭا
50,3,بَعِيدٌۭ
50,7,زَوْجٍۭ
50,8,تَبْصِرَةًۭ
50,9,مَآءًۭ
50,9,مُّبَـٰرَكًۭا
50,10,طَلْعٌۭ
50,10,نَّضِيدٌۭ
50,11,رِّزْقًۭا
50,11,بَلْدَةًۭ
50,11,مَّيْتًۭا
50,13,وَعَادٌۭ
50,14,كُلٌّۭ
50,17,قَعِيدٌۭ
50,18,عَتِيدٌۭ
50,21,سَآئِقٌۭ
50,21,وَشَهِيدٌۭ
50,22,حَدِيدٌۭ
50,27,ضَلَـٰلٍۭ
50,35,مَزِيدٌۭ
50,36,بَطْشًۭا
50,37,شَهِيدٌۭ
50,44,سِرَاعًۭا
50,44,يَسِيرٌۭ
51,1,ذَرْوًۭا
51,2,وِقْرًۭا
51,3,يُسْرًۭا
51,5,لَصَادِقٌۭ
51,6,لَوَٰقِعٌۭ
51,17,قَلِيلًۭا
51,19,حَقٌّۭ
51,20,ءَايَـٰتٌۭ
51,23,لَحَقٌّۭ
51,25,سَلَـٰمًۭا
51,25,سَلَـٰمٌۭ
51,25,قَوْمٌۭ
51,28,خِيفَةًۭ
51,29,عَقِيمٌۭ
51,33,حِجَارَةًۭ
51,37,ءَايَةًۭ
51,39,مَجْنُونٌۭ
51,40,مُلِيمٌۭ
51,46,قَوْمًۭا
51,50,نَذِيرٌۭ
51,50,مُّبِينٌۭ
51,51,نَذِيرٌۭ
51,51,مُّبِينٌۭ
51,53,قَوْمٌۭ
51,59,ذَنُوبًۭا
51,60,فَوَيْلٌۭ
52,7,لَوَٰقِعٌۭ
52,9,مَوْرًۭا
52,10,سَيْرًۭا
52,11,فَوَيْلٌۭ
52,21,ٱمْرِئٍۭ
52,21,رَهِينٌۭ
52,23,كَأْسًۭا
52,23,لَغْوٌۭ
52,23,تَأْثِيمٌۭ
52,24,غِلْمَانٌۭ
52,24,لُؤْلُؤٌۭ
52,24,مَّكْنُونٌۭ
52,30,شَاعِرٌۭ
52,32,قَوْمٌۭ
52,38,سُلَّمٌۭ
52,40,أَجْرًۭا
52,42,كَيْدًۭا
52,44,كِسْفًۭا
52,44,سَاقِطًۭا
52,44,سَحَابٌۭ
52,44,مَّرْكُومٌۭ
52,46,شَيْـًۭٔا
52,47,عَذَابًۭا
53,4,وَحْىٌۭ
53,22,إِذًۭا
53,22,قِسْمَةٌۭ
53,23,أَسْمَآءٌۭ
53,28,شَيْـًۭٔا
53,32,أَجِنَّةٌۭ
53,34,قَلِيلًۭا
53,38,وَازِرَةٌۭ
53,56,نَذِيرٌۭ
54,2,ءَايَةًۭ
54,2,سِحْرٌۭ
54,2,مُّسْتَمِرٌّۭ
54,3,مُّسْتَقِرٌّۭ
54,5,بَـٰلِغَةٌۭ
54,7,جَرَادٌۭ
54,7,مُّنتَشِرٌۭ
54,8,عَسِرٌۭ
54,9,مَجْنُونٌۭ
54,10,مَغْلُوبٌۭ
54,12,عُيُونًۭا
54,14,جَزَآءًۭ
54,15,ءَايَةًۭ
54,18,عَادٌۭ
54,19,رِيحًۭا
54,19,صَرْصَرًۭا
54,24,أَبَشَرًۭا
54,24,وَٰحِدًۭا
54,24,إِذًۭا
54,25,أَشِرٌۭ
54,26,غَدًۭا
54,27,فِتْنَةًۭ
54,28,مُّحْتَضَرٌۭ
54,31,صَيْحَةًۭ
54,31,وَٰحِدَةًۭ
54,33,لُوطٍۭ
54,35,نِّعْمَةًۭ
54,38,عَذَابٌۭ
54,38,مُّسْتَقِرٌّۭ
54,43,خَيْرٌۭ
54,43,بَرَآءَةٌۭ
54,44,جَمِيعٌۭ
54,44,مُّنتَصِرٌۭ
54,50,وَٰحِدَةٌۭ
54,50,كَلَمْحٍۭ
54,55,مُّقْتَدِرٍۭ
55,11,فَـٰكِهَةٌۭ
55,20,بَرْزَخٌۭ
55,35,شُوَاظٌۭ
55,35,وَنُحَاسٌۭ
55,37,وَرْدَةًۭ
55,39,إِنسٌۭ
55,39,جَآنٌّۭ
55,54,فُرُشٍۭ
55,56,إِنسٌۭ
55,56,جَآنٌّۭ
55,68,فَـٰكِهَةٌۭ
55,68,وَنَخْلٌۭ
55,68,وَرُمَّانٌۭ
55,70,حِسَانٌۭ
55,72,حُورٌۭ
55,72,مَّقْصُورَٰتٌۭ
55,74,إِنسٌۭ
55,74,جَآنٌّۭ
56,3,خَافِضَةٌۭ
56,4,رَجًّۭا
56,5,بَسًّۭا
56,6,هَبَآءًۭ
56,6,مُّنۢبَثًّۭا
56,7,أَزْوَٰجًۭا
56,7,ثَلَـٰثَةًۭ
56,13,ثُلَّةٌۭ
56,14,وَقَلِيلٌۭ
56,17,وِلْدَٰنٌۭ
56,22,عِينٌۭ
56,25,لَغْوًۭا
56,26,قِيلًۭا
56,26,سَلَـٰمًۭا
56,26,سَلَـٰمًۭا
56,35,إِنشَآءًۭ
56,37,أَتْرَابًۭا
56,39,ثُلَّةٌۭ
56,40,وَثُلَّةٌۭ
56,47,تُرَابًۭا
56,65,حُطَـٰمًۭا
56,70,أُجَاجًۭا
56,73,تَذْكِرَةًۭ
56,73,وَمَتَـٰعًۭا
56,76,لَقَسَمٌۭ
56,77,لَقُرْءَانٌۭ
56,77,كَرِيمٌۭ
56,80,تَنزِيلٌۭ
56,89,فَرَوْحٌۭ
56,89,وَرَيْحَانٌۭ
56,91,فَسَلَـٰمٌۭ
56,93,فَنُزُلٌۭ
57,4,بَصِيرٌۭ
57,7,أَجْرٌۭ
57,7,كَبِيرٌۭ
57,9,ءَايَـٰتٍۭ
57,9,لَرَءُوفٌۭ
57,9,رَّحِيمٌۭ
57,10,دَرَجَةًۭ
57,10,وَكُلًّۭا
57,10,خَبِيرٌۭ
57,11,حَسَنًۭا
57,11,أَجْرٌۭ
57,11,كَرِيمٌۭ
57,12,جَنَّـٰتٌۭ
57,13,نُورًۭا
57,15,فِدْيَةٌۭ
57,16,وَكَثِيرٌۭ
57,18,حَسَنًۭا
57,18,أَجْرٌۭ
57,18,كَرِيمٌۭ
57,20,لَعِبٌۭ
57,20,وَلَهْوٌۭ
57,20,وَزِينَةٌۭ
57,20,وَتَكَاثُرٌۭ
57,20,مُصْفَرًّۭا
57,20,حُطَـٰمًۭا
57,20,عَذَابٌۭ
57,20,شَدِيدٌۭ
57,20,وَمَغْفِرَةٌۭ
57,20,وَرِضْوَٰنٌۭ
57,22,يَسِيرٌۭ
57,25,بَأْسٌۭ
57,25,شَدِيدٌۭ
57,25,عَزِيزٌۭ
57,26,نُوحًۭا
57,26,وَكَثِيرٌۭ
57,27,رَأْفَةًۭ
57,27,وَرَحْمَةًۭ
57,27,وَكَثِيرٌۭ
57,28,نُورًۭا
57,28,غَفُورٌۭ
57,28,رَّحِيمٌۭ
58,2,مُنكَرًۭا
58,2,وَزُورًۭا
58,2,غَفُورٌۭ
58,3,خَبِيرٌۭ
58,4,مِسْكِينًۭا
58,5,ءَايَـٰتٍۭ
58,5,عَذَابٌۭ
58,5,مُّهِينٌۭ
58,6,جَمِيعًۭا
58,11,خَبِيرٌۭ
58,12,صَدَقَةًۭ
58,12,خَيْرٌۭ
58,12,غَفُورٌۭ
58,15,عَذَابًۭا
58,16,جُنَّةًۭ
58,16,عَذَابٌۭ
58,16,مُّهِينٌۭ
58,18,جَمِيعًۭا
58,21,عَزِيزٌۭ
58,22,قَوْمًۭا
59,6,قَدِيرٌۭ
59,8,فَضْلًۭا
59,8,وَرِضْوَٰنًۭا
59,9,حَاجَةًۭ
59,9,خَصَاصَةٌۭ
59,10,غِلًّۭا
59,10,رَءُوفٌۭ
59,11,أَبَدًۭا
59,13,رَهْبَةًۭ
59,13,قَوْمٌۭ
59,14,قُرًۭى
59,14,جُدُرٍۭ
59,14,شَدِيدٌۭ
59,14,جَمِيعًۭا
59,14,قَوْمٌۭ
59,15,قَرِيبًۭا
59,15,أَلِيمٌۭ
59,16,بَرِىٓءٌۭ
59,18,نَفْسٌۭ
59,21,خَـٰشِعًۭا
59,21,مُّتَصَدِّعًۭا
60,1,جِهَـٰدًۭا
60,2,أَعْدَآءًۭ
60,3,بَصِيرٌۭ
60,4,حَسَنَةٌۭ
60,5,فِتْنَةًۭ
60,6,حَسَنَةٌۭ
60,7,مَّوَدَّةًۭ
60,7,قَدِيرٌۭ
60,7,غَفُورٌۭ
60,7,رَّحِيمٌۭ
60,10,حِلٌّۭ
60,10,حَكِيمٌۭ
60,11,شَىْءٌۭ
60,12,شَيْـًۭٔا
60,12,غَفُورٌۭ
60,12,رَّحِيمٌۭ
61,4,صَفًّۭا
61,4,بُنْيَـٰنٌۭ
61,4,مَّرْصُوصٌۭ
61,6,مُّصَدِّقًۭا
61,6,سِحْرٌۭ
61,6,مُّبِينٌۭ
61,11,خَيْرٌۭ
61,12,طَيِّبَةًۭ
61,13,نَصْرٌۭ
61,13,وَفَتْحٌۭ
61,13,قَرِيبٌۭ
61,14,طَّآئِفَةٌۭ
61,14,طَّآئِفَةٌۭ
62,2,رَسُولًۭا
62,9,خَيْرٌۭ
62,10,كَثِيرًۭا
62,11,قَآئِمًۭا
62,11,خَيْرٌۭ
63,2,جُنَّةًۭ
63,4,خُشُبٌۭ
63,4,مُّسَنَّدَةٌۭ
64,2,كَافِرٌۭ
64,2,مُّؤْمِنٌۭ
64,5,أَلِيمٌۭ
64,6,أَبَشَرٌۭ
64,6,حَمِيدٌۭ
64,7,يَسِيرٌۭ
64,8,خَبِيرٌۭ
64,9,صَـٰلِحًۭا
64,9,أَبَدًۭا
64,11,عَلِيمٌۭ
64,14,عَدُوًّۭا
64,14,غَفُورٌۭ
64,15,فِتْنَةٌۭ
64,15,عَظِيمٌۭ
64,16,خَيْرًۭا
64,17,حَسَنًۭا
65,1,أَمْرًۭا
65,2,مَخْرَجًۭا
65,3,قَدْرًۭا
65,4,يُسْرًۭا
65,7,يُسْرًۭا
65,8,حِسَابًۭا
65,8,شَدِيدًۭا
65,8,عَذَابًۭا
65,8,نُّكْرًۭا
65,10,عَذَابًۭا
65,10,شَدِيدًۭا
65,10,ذِكْرًۭا
65,11,رَّسُولًۭا
65,11,صَـٰلِحًۭا
65,11,أَبَدًۭا
65,12,قَدِيرٌۭ
66,1,غَفُورٌۭ
66,1,رَّحِيمٌۭ
66,3,حَدِيثًۭا
66,5,خَيْرًۭا
66,5,وَأَبْكَارًۭا
66,6,نَارًۭا
66,6,غِلَاظٌۭ
66,6,شِدَادٌۭ
66,8,تَوْبَةًۭ
66,8,قَدِيرٌۭ
66,10,مَثَلًۭا
66,10,شَيْـًۭٔا
66,11,مَثَلًۭا
66,11,بَيْتًۭا
67,2,عَمَلًۭا
67,3,طِبَاقًۭا
67,4,خَاسِئًۭا
67,4,حَسِيرٌۭ
67,5,رُجُومًۭا
67,7,شَهِيقًۭا
67,8,فَوْجٌۭ
67,8,نَذِيرٌۭ
67,9,نَذِيرٌۭ
67,11,فَسُحْقًۭا
67,12,مَّغْفِرَةٌۭ
67,12,وَأَجْرٌۭ
67,12,كَبِيرٌۭ
67,15,ذَلُولًۭا
67,17,حَاصِبًۭا
67,19,شَىْءٍۭ
67,20,جُندٌۭ
67,23,قَلِيلًۭا
67,26,نَذِيرٌۭ
67,26,مُّبِينٌۭ
67,27,زُلْفَةًۭ
67,30,غَوْرًۭا
67,30,مَّعِينٍۭ
68,11,مَّشَّآءٍۭ
68,13,عُتُلٍّۭ
68,19,طَآئِفٌۭ
68,24,مِّسْكِينٌۭ
68,32,خَيْرًۭا
68,37,كِتَـٰبٌۭ
68,43,ذِلَّةٌۭ
68,46,أَجْرًۭا
68,48,مَكْظُومٌۭ
68,49,نِعْمَةٌۭ
68,49,مَذْمُومٌۭ
68,51,لَمَجْنُونٌۭ
68,52,ذِكْرٌۭ
69,6,عَادٌۭ
69,7,حُسُومًۭا
69,10,أَخْذَةًۭ
69,12,تَذْكِرَةًۭ
69,12,أُذُنٌۭ
69,12,وَٰعِيَةٌۭ
69,13,نَفْخَةٌۭ
69,13,وَٰحِدَةٌۭ
69,14,دَكَّةًۭ
69,14,وَٰحِدَةًۭ
69,16,وَاهِيَةٌۭ
69,17,ثَمَـٰنِيَةٌۭ
69,18,خَافِيَةٌۭ
69,23,دَانِيَةٌۭ
69,32,ذِرَاعًۭا
69,35,حَمِيمٌۭ
69,41,قَلِيلًۭا
69,42,قَلِيلًۭا
69,43,تَنزِيلٌۭ
69,48,لَتَذْكِرَةٌۭ
70,2,دَافِعٌۭ
70,5,صَبْرًۭا
70,6,بَعِيدًۭا
70,7,قَرِيبًۭا
70,10,حَمِيمًۭا
70,11,يَوْمِئِذٍۭ
70,14,جَمِيعًۭا
70,16,نَزَّاعَةًۭ
70,20,جَزُوعًۭا
70,24,حَقٌّۭ
70,24,مَّعْلُومٌۭ
70,41,خَيْرًۭا
70,43,سِرَاعًۭا
70,44,ذِلَّةٌۭ
71,1,أَلِيمٌۭ
71,2,نَذِيرٌۭ
71,5,لَيْلًۭا
71,5,وَنَهَارًۭا
71,6,فِرَارًۭا
71,7,ٱسْتِكْبَارًۭا
71,8,جِهَارًۭا
71,9,إِسْرَارًۭا
71,10,غَفَّارًۭا
71,11,مِّدْرَارًۭا
71,12,أَنْهَـٰرًۭا
71,13,وَقَارًۭا
71,15,طِبَاقًۭا
71,16,نُورًۭا
71,16,سِرَاجًۭا
71,17,نَبَاتًۭا
71,18,إِخْرَاجًۭا
71,19,بِسَاطًۭا
71,20,سُبُلًۭا
71,20,فِجَاجًۭا
71,21,نُوحٌۭ
71,21,خَسَارًۭا
71,22,مَكْرًۭا
71,22,كُبَّارًۭا
71,23,وَدًّۭا
71,23,سُوَاعًۭا
71,23,وَنَسْرًۭا
71,24,كَثِيرًۭا
71,24,ضَلَـٰلًۭا
71,25,نَارًۭا
71,25,أَنصَارًۭا
71,26,نُوحٌۭ
71,27,فَاجِرًۭا
71,27,كَفَّارًۭا
71,28,مُؤْمِنًۭا
72,1,نَفَرٌۭ
72,1,عَجَبًۭا
72,2,أَحَدًۭا
72,3,صَـٰحِبَةًۭ
72,3,وَلَدًۭا
72,4,شَطَطًۭا
72,5,كَذِبًۭا
72,6,رِجَالٌۭ
72,6,رَهَقًۭا
72,7,أَحَدًۭا
72,8,حَرَسًۭا
72,8,شَدِيدًۭا
72,8,وَشُهُبًۭا
72,9,شِهَابًۭا
72,9,رَّصَدًۭا
72,10,رَشَدًۭا
72,11,قِدَدًۭا
72,12,هَرَبًۭا
72,13,بَخْسًۭا
72,13,رَهَقًۭا
72,14,رَشَدًۭا
72,15,حَطَبًۭا
72,16,غَدَقًۭا
72,17,عَذَابًۭا
72,17,صَعَدًۭا
72,18,أَحَدًۭا
72,19,لِبَدًۭا
72,20,أَحَدًۭا
72,21,ضَرًّۭا
72,21,رَشَدًۭا
72,22,أَحَدٌۭ
72,23,بَلَـٰغًۭا
72,24,نَاصِرًۭا
72,24,عَدَدًۭا
72,25,أَقَرِيبٌۭ
72,27,رَصَدًۭا
73,2,قَلِيلًۭا
73,5,قَوْلًۭا
73,6,وَطْـًۭٔا
73,7,سَبْحًۭا
73,7,طَوِيلًۭا
73,8,تَبْتِيلًۭا
73,9,وَكِيلًۭا
73,10,هَجْرًۭا
73,10,جَمِيلًۭا
73,12,أَنكَالًۭا
73,12,وَجَحِيمًۭا
73,13,وَطَعَامًۭا
73,13,أَلِيمًۭا
73,14,كَثِيبًۭا
73,15,رَسُولًۭا
73,15,رَسُولًۭا
73,16,أَخْذًۭا
73,16,وَبِيلًۭا
73,17,يَوْمًۭا
73,19,تَذْكِرَةٌۭ
73,20,وَطَآئِفَةٌۭ
73,20,حَسَنًۭا
73,20,خَيْرًۭا
73,20,أَجْرًۭا
73,20,غَفُورٌۭ
74,11,وَحِيدًۭا
74,12,مَالًۭا
74,12,مَّمْدُودًۭا
74,13,شُهُودًۭا
74,14,تَمْهِيدًۭا
74,16,عَنِيدًۭا
74,24,سِحْرٌۭ
74,29,لَوَّاحَةٌۭ
74,31,مَلَـٰٓئِكَةًۭ
74,31,فِتْنَةًۭ
74,31,إِيمَـٰنًۭا
74,31,مَّرَضٌۭ
74,31,مَثَلًۭا
74,36,نَذِيرًۭا
74,38,نَفْسٍۭ
74,50,حُمُرٌۭ
74,50,مُّسْتَنفِرَةٌۭ
74,51,قَسْوَرَةٍۭ
74,52,صُحُفًۭا
74,52,مُّنَشَّرَةًۭ
74,54,تَذْكِرَةٌۭ
75,13,يَوْمَئِذٍۭ
75,14,بَصِيرَةٌۭ
75,22,وُجُوهٌۭ
75,23,نَاظِرَةٌۭ
75,24,وَوُجُوهٌۭ
75,24,يَوْمَئِذٍۭ
75,24,بَاسِرَةٌۭ
75,25,فَاقِرَةٌۭ
75,37,نُطْفَةًۭ
75,38,عَلَقَةًۭ
76,1,حِينٌۭ
76,1,شَيْـًۭٔا
76,3,شَاكِرًۭا
76,4,وَأَغْلَـٰلًۭا
76,6,عَيْنًۭا
76,6,تَفْجِيرًۭا
76,7,يَوْمًۭا
76,7,مُسْتَطِيرًۭا
76,8,مِسْكِينًۭا
76,8,وَيَتِيمًۭا
76,9,جَزَآءًۭ
76,10,عَبُوسًۭا
76,10,قَمْطَرِيرًۭا
76,11,نَضْرَةًۭ
76,11,وَسُرُورًۭا
76,12,جَنَّةًۭ
76,12,وَحَرِيرًۭا
76,13,شَمْسًۭا
76,13,زَمْهَرِيرًۭا
76,14,تَذْلِيلًۭا
76,16,تَقْدِيرًۭا
76,17,كَأْسًۭا
76,18,عَيْنًۭا
76,18,سَلْسَبِيلًۭا
76,19,وِلْدَٰنٌۭ
76,19,لُؤْلُؤًۭا
76,19,مَّنثُورًۭا
76,20,نَعِيمًۭا
76,20,وَمُلْكًۭا
76,21,خُضْرٌۭ
76,21,وَإِسْتَبْرَقٌۭ
76,21,شَرَابًۭا
76,22,جَزَآءًۭ
76,23,تَنزِيلًۭا
76,24,كَفُورًۭا
76,25,بُكْرَةًۭ
76,25,وَأَصِيلًۭا
76,26,لَيْلًۭا
76,27,يَوْمًۭا
76,27,ثَقِيلًۭا
76,29,تَذْكِرَةٌۭ
76,29,سَبِيلًۭا
76,30,حَكِيمًۭا
77,1,عُرْفًۭا
77,2,عَصْفًۭا
77,3,نَشْرًۭا
77,4,فَرْقًۭا
77,7,لَوَٰقِعٌۭ
77,15,وَيْلٌۭ
77,19,وَيْلٌۭ
77,24,وَيْلٌۭ
77,26,أَحْيَآءًۭ
77,26,وَأَمْوَٰتًۭا
77,27,مَّآءًۭ
77,27,فُرَاتًۭا
77,28,وَيْلٌۭ
77,33,جِمَـٰلَتٌۭ
77,33,صُفْرٌۭ
77,34,وَيْلٌۭ
77,37,وَيْلٌۭ
77,39,كَيْدٌۭ
77,40,وَيْلٌۭ
77,45,وَيْلٌۭ
77,47,وَيْلٌۭ
77,49,وَيْلٌۭ
77,50,حَدِيثٍۭ
78,6,مِهَـٰدًۭا
78,7,أَوْتَادًۭا
78,8,أَزْوَٰجًۭا
78,9,سُبَاتًۭا
78,10,لِبَاسًۭا
78,11,مَعَاشًۭا
78,12,سَبْعًۭا
78,12,شِدَادًۭا
78,13,سِرَاجًۭا
78,13,وَهَّاجًۭا
78,14,مَآءًۭ
78,14,ثَجَّاجًۭا
78,15,حَبًّۭا
78,15,وَنَبَاتًۭا
78,17,مِيقَـٰتًۭا
78,18,أَفْوَاجًۭا
78,19,أَبْوَٰبًۭا
78,21,مِرْصَادًۭا
78,22,مَـَٔابًۭا
78,23,أَحْقَابًۭا
78,24,بَرْدًۭا
78,25,حَمِيمًۭا
78,25,وَغَسَّاقًۭا
78,26,جَزَآءًۭ
78,27,حِسَابًۭا
78,28,كِذَّابًۭا
78,29,كِتَـٰبًۭا
78,32,وَأَعْنَـٰبًۭا
78,33,أَتْرَابًۭا
78,34,وَكَأْسًۭا
78,34,دِهَاقًۭا
78,35,لَغْوًۭا
78,35,كِذَّٰبًۭا
78,36,جَزَآءًۭ
78,36,حِسَابًۭا
78,37,خِطَابًۭا
78,38,صَفًّۭا
78,38,صَوَابًۭا
78,40,عَذَابًۭا
78,40,قَرِيبًۭا
79,1,غَرْقًۭا
79,2,نَشْطًۭا
79,3,سَبْحًۭا
79,4,سَبْقًۭا
79,5,أَمْرًۭا
79,8,قُلُوبٌۭ
79,9,خَـٰشِعَةٌۭ
79,11,عِظَـٰمًۭا
79,11,نَّخِرَةًۭ
79,12,إِذًۭا
79,12,خَاسِرَةٌۭ
79,13,زَجْرَةٌۭ
79,13,وَٰحِدَةٌۭ
79,26,لَعِبْرَةًۭ
79,33,مَتَـٰعًۭا
80,11,تَذْكِرَةٌۭ
80,14,مُّطَهَّرَةٍۭ
80,16,كِرَامٍۭ
80,25,صَبًّۭا
80,26,شَقًّۭا
80,27,حَبًّۭا
80,28,وَعِنَبًۭا
80,28,وَقَضْبًۭا
80,29,وَزَيْتُونًۭا
80,29,وَنَخْلًۭا
80,30,غُلْبًۭا
80,31,وَفَـٰكِهَةًۭ
80,31,وَأَبًّۭا
80,32,مَّتَـٰعًۭا
80,37,شَأْنٌۭ
80,38,وُجُوهٌۭ
80,38,مُّسْفِرَةٌۭ
80,39,ضَاحِكَةٌۭ
80,39,مُّسْتَبْشِرَةٌۭ
80,40,وَوُجُوهٌۭ
80,40,غَبَرَةٌۭ
81,14,نَفْسٌۭ
81,27,ذِكْرٌۭ
82,5,نَفْسٌۭ
82,11,كِرَامًۭا
82,19,نَفْسٌۭ
82,19,شَيْـًۭٔا
83,1,وَيْلٌۭ
83,8,سِجِّينٌۭ
83,9,كِتَـٰبٌۭ
83,9,مَّرْقُومٌۭ
83,10,وَيْلٌۭ
83,20,كِتَـٰبٌۭ
83,20,مَّرْقُومٌۭ
83,26,مِسْكٌۭ
83,28,عَيْنًۭا
84,6,كَدْحًۭا
84,8,حِسَابًۭا
84,8,يَسِيرًۭا
84,9,مَسْرُورًۭا
84,11,ثُبُورًۭا
84,15,بَصِيرًۭا
84,25,مَمْنُونٍۭ
85,6,قُعُودٌۭ
85,7,شُهُودٌۭ
85,11,جَنَّـٰتٌۭ
85,16,فَعَّالٌۭ
85,21,قُرْءَانٌۭ
85,21,مَّجِيدٌۭ
85,22,مَّحْفُوظٍۭ
86,4,حَافِظٌۭ
86,8,لَقَادِرٌۭ
86,13,لَقَوْلٌۭ
86,13,فَصْلٌۭ
86,15,كَيْدًۭا
86,16,كَيْدًۭا
87,17,خَيْرٌۭ
88,2,وُجُوهٌۭ
88,3,عَامِلَةٌۭ
88,3,نَّاصِبَةٌۭ
88,4,حَامِيَةًۭ
88,8,وُجُوهٌۭ
88,8,نَّاعِمَةٌۭ
88,9,رَاضِيَةٌۭ
88,11,لَـٰغِيَةًۭ
88,12,عَيْنٌۭ
88,12,جَارِيَةٌۭ
88,13,سُرُرٌۭ
88,13,مَّرْفُوعَةٌۭ
88,14,وَأَكْوَابٌۭ
88,14,مَّوْضُوعَةٌۭ
88,15,مَصْفُوفَةٌۭ
88,21,مُذَكِّرٌۭ
89,5,قَسَمٌۭ
89,19,أَكْلًۭا
89,19,لَّمًّۭا
89,20,حُبًّۭا
89,20,جَمًّۭا
89,21,دَكًّۭا
89,21,دَكًّۭا
89,22,صَفًّۭا
89,22,صَفًّۭا
89,23,يَوْمَئِذٍۭ
89,25,أَحَدٌۭ
89,26,أَحَدٌۭ
89,28,رَاضِيَةًۭ
89,28,مَّرْضِيَّةًۭ
90,5,أَحَدٌۭ
90,6,مَالًۭا
90,9,وَلِسَانًۭا
90,14,إِطْعَـٰمٌۭ
90,15,يَتِيمًۭا
90,16,مِسْكِينًۭا
90,20,نَارٌۭ
92,14,نَارًۭا
93,4,خَيْرٌۭ
93,6,يَتِيمًۭا
93,7,ضَآلًّۭا
93,8,عَآئِلًۭا
94,6,يُسْرًۭا
97,3,خَيْرٌۭ
98,2,رَسُولٌۭ
98,2,صُحُفًۭا
98,2,مُّطَهَّرَةًۭ
98,3,كُتُبٌۭ
98,3,قَيِّمَةٌۭ
98,8,أَبَدًۭا
99,6,أَشْتَاتًۭا
99,7,خَيْرًۭا
99,8,شَرًّۭا
100,1,ضَبْحًۭا
100,2,قَدْحًۭا
100,3,صُبْحًۭا
100,4,نَقْعًۭا
100,6,لَكَنُودٌۭ
100,7,لَشَهِيدٌۭ
101,9,هَاوِيَةٌۭ
104,1,وَيْلٌۭ
104,2,مَالًۭا
104,8,مُّؤْصَدَةٌۭ
104,9,مُّمَدَّدَةٍۭ
105,5,مَّأْكُولٍۭ
106,4,خَوْفٍۭ
107,4,فَوَيْلٌۭ
109,4,عَابِدٌۭ
110,2,أَفْوَاجًۭا
111,3,نَارًۭا
111,5,حَبْلٌۭ
111,5,مَّسَدٍۭ
